country_code,country_name,indicator_code,indicator_name,year,value,date_retrieved
EGY,"Egypt, Arab Rep.",NY.GDP.MKTP.CD,GDP (current US$),2024,389059911003.566,2026-04-15 23:34:44.394977
EGY,"Egypt, Arab Rep.",NY.GDP.MKTP.CD,GDP (current US$),2023,395926075163.006,2026-04-15 23:34:44.394977
EGY,"Egypt, Arab Rep.",NY.GDP.MKTP.CD,GDP (current US$),2022,476747720364.742,2026-04-15 23:34:44.394977
EGY,"Egypt, Arab Rep.",NY.GDP.MKTP.CD,GDP (current US$),2021,424671765455.704,2026-04-15 23:34:44.394977
EGY,"Egypt, Arab Rep.",NY.GDP.MKTP.CD,GDP (current US$),2020,383817841547.099,2026-04-15 23:34:44.394977
EGY,"Egypt, Arab Rep.",NY.GDP.MKTP.CD,GDP (current US$),2019,318678815489.749,2026-04-15 23:34:44.394977
EGY,"Egypt, Arab Rep.",NY.GDP.MKTP.CD,GDP (current US$),2018,262588632526.73,2026-04-15 23:34:44.394977
EGY,"Egypt, Arab Rep.",NY.GDP.MKTP.CD,GDP (current US$),2017,248362771739.13,2026-04-15 23:34:44.394977
EGY,"Egypt, Arab Rep.",NY.GDP.MKTP.CD,GDP (current US$),2016,332441717791.411,2026-04-15 23:34:44.394977
EGY,"Egypt, Arab Rep.",NY.GDP.MKTP.CD,GDP (current US$),2015,329366576819.407,2026-04-15 23:34:44.394977
EGY,"Egypt, Arab Rep.",NY.GDP.MKTP.CD,GDP (current US$),2014,305595408895.265,2026-04-15 23:34:44.394977
EGY,"Egypt, Arab Rep.",NY.GDP.MKTP.CD,GDP (current US$),2013,288434108527.132,2026-04-15 23:34:44.394977
EGY,"Egypt, Arab Rep.",NY.GDP.MKTP.CD,GDP (current US$),2012,279116666666.667,2026-04-15 23:34:44.394977
EGY,"Egypt, Arab Rep.",NY.GDP.MKTP.CD,GDP (current US$),2011,235989672977.625,2026-04-15 23:34:44.394977
EGY,"Egypt, Arab Rep.",NY.GDP.MKTP.CD,GDP (current US$),2010,218983666061.706,2026-04-15 23:34:44.394977
EGY,"Egypt, Arab Rep.",NY.GDP.MKTP.CD,GDP (current US$),2009,189147005444.646,2026-04-15 23:34:44.394977
EGY,"Egypt, Arab Rep.",NY.GDP.MKTP.CD,GDP (current US$),2008,162818181818.182,2026-04-15 23:34:44.394977
EGY,"Egypt, Arab Rep.",NY.GDP.MKTP.CD,GDP (current US$),2007,130437828371.278,2026-04-15 23:34:44.394977
EGY,"Egypt, Arab Rep.",NY.GDP.MKTP.CD,GDP (current US$),2006,107426086956.522,2026-04-15 23:34:44.394977
EGY,"Egypt, Arab Rep.",NY.GDP.MKTP.CD,GDP (current US$),2005,89660339660.3397,2026-04-15 23:34:44.394977
EGY,"Egypt, Arab Rep.",NY.GDP.MKTP.CD,GDP (current US$),2004,78782467532.4675,2026-04-15 23:34:44.394977
EGY,"Egypt, Arab Rep.",NY.GDP.MKTP.CD,GDP (current US$),2003,80288461538.4615,2026-04-15 23:34:44.394977
EGY,"Egypt, Arab Rep.",NY.GDP.MKTP.CD,GDP (current US$),2002,85146067415.7303,2026-04-15 23:34:44.394977
EGY,"Egypt, Arab Rep.",NY.GDP.MKTP.CD,GDP (current US$),2001,96684636118.5984,2026-04-15 23:34:44.394977
EGY,"Egypt, Arab Rep.",NY.GDP.MKTP.CD,GDP (current US$),2000,99838543960.0763,2026-04-15 23:34:44.394977
EGY,"Egypt, Arab Rep.",NY.GDP.MKTP.CD,GDP (current US$),1999,90710704806.8416,2026-04-15 23:34:44.394977
EGY,"Egypt, Arab Rep.",NY.GDP.MKTP.CD,GDP (current US$),1998,84828807556.0803,2026-04-15 23:34:44.394977
EGY,"Egypt, Arab Rep.",NY.GDP.MKTP.CD,GDP (current US$),1997,78436578171.0914,2026-04-15 23:34:44.394977
EGY,"Egypt, Arab Rep.",NY.GDP.MKTP.CD,GDP (current US$),1996,67629716981.1321,2026-04-15 23:34:44.394977
EGY,"Egypt, Arab Rep.",NY.GDP.MKTP.CD,GDP (current US$),1995,60159245060.4541,2026-04-15 23:34:44.394977
EGY,"Egypt, Arab Rep.",NY.GDP.MKTP.CD,GDP (current US$),1994,51897983392.6453,2026-04-15 23:34:44.394977
EGY,"Egypt, Arab Rep.",NY.GDP.MKTP.CD,GDP (current US$),1993,46578631452.581,2026-04-15 23:34:44.394977
EGY,"Egypt, Arab Rep.",NY.GDP.MKTP.CD,GDP (current US$),1992,41855986519.4235,2026-04-15 23:34:44.394977
EGY,"Egypt, Arab Rep.",NY.GDP.MKTP.CD,GDP (current US$),1991,37387836490.5284,2026-04-15 23:34:44.394977
EGY,"Egypt, Arab Rep.",NY.GDP.MKTP.CD,GDP (current US$),1990,42978914311.3504,2026-04-15 23:34:44.394977
EGY,"Egypt, Arab Rep.",NY.GDP.MKTP.CD,GDP (current US$),1989,39756299049.9793,2026-04-15 23:34:44.394977
EGY,"Egypt, Arab Rep.",NY.GDP.MKTP.CD,GDP (current US$),1988,34980124929.0176,2026-04-15 23:34:44.394977
EGY,"Egypt, Arab Rep.",NY.GDP.MKTP.CD,GDP (current US$),1987,40455616653.5742,2026-04-15 23:34:44.394977
EGY,"Egypt, Arab Rep.",NY.GDP.MKTP.CD,GDP (current US$),1986,41253507951.3564,2026-04-15 23:34:44.394977
EGY,"Egypt, Arab Rep.",NY.GDP.MKTP.CD,GDP (current US$),1985,39053502251.0732,2026-04-15 23:34:44.394977
EGY,"Egypt, Arab Rep.",NY.GDP.MKTP.CD,GDP (current US$),1984,33971188991.6147,2026-04-15 23:34:44.394977
EGY,"Egypt, Arab Rep.",NY.GDP.MKTP.CD,GDP (current US$),1983,30966239813.7369,2026-04-15 23:34:44.394977
EGY,"Egypt, Arab Rep.",NY.GDP.MKTP.CD,GDP (current US$),1982,27655172413.7931,2026-04-15 23:34:44.394977
EGY,"Egypt, Arab Rep.",NY.GDP.MKTP.CD,GDP (current US$),1981,22136081081.0811,2026-04-15 23:34:44.394977
EGY,"Egypt, Arab Rep.",NY.GDP.MKTP.CD,GDP (current US$),1980,21669908176.3889,2026-04-15 23:34:44.394977
EGY,"Egypt, Arab Rep.",NY.GDP.MKTP.CD,GDP (current US$),1979,18020571428.5714,2026-04-15 23:34:44.394977
EGY,"Egypt, Arab Rep.",NY.GDP.MKTP.CD,GDP (current US$),1978,14811704063.0685,2026-04-15 23:34:44.394977
EGY,"Egypt, Arab Rep.",NY.GDP.MKTP.CD,GDP (current US$),1977,14400806875.9867,2026-04-15 23:34:44.394977
EGY,"Egypt, Arab Rep.",NY.GDP.MKTP.CD,GDP (current US$),1976,13315988083.4161,2026-04-15 23:34:44.394977
EGY,"Egypt, Arab Rep.",NY.GDP.MKTP.CD,GDP (current US$),1975,11632178868.9171,2026-04-15 23:34:44.394977
EGY,"Egypt, Arab Rep.",NY.GDP.MKTP.CD,GDP (current US$),1974,9228963224.60004,2026-04-15 23:34:44.394977
EGY,"Egypt, Arab Rep.",NY.GDP.MKTP.CD,GDP (current US$),1973,10098534613.4411,2026-04-15 23:34:44.394977
EGY,"Egypt, Arab Rep.",NY.GDP.MKTP.CD,GDP (current US$),1972,9299638055.84281,2026-04-15 23:34:44.394977
EGY,"Egypt, Arab Rep.",NY.GDP.MKTP.CD,GDP (current US$),1971,8609283346.08518,2026-04-15 23:34:44.394977
EGY,"Egypt, Arab Rep.",NY.GDP.MKTP.CD,GDP (current US$),1970,8042200452.1477,2026-04-15 23:34:44.394977
EGY,"Egypt, Arab Rep.",NY.GDP.MKTP.CD,GDP (current US$),1969,6524455205.81114,2026-04-15 23:34:44.394977
EGY,"Egypt, Arab Rep.",NY.GDP.MKTP.CD,GDP (current US$),1968,5932242990.65421,2026-04-15 23:34:44.394977
EGY,"Egypt, Arab Rep.",NY.GDP.MKTP.CD,GDP (current US$),1967,5605484298.98275,2026-04-15 23:34:44.394977
EGY,"Egypt, Arab Rep.",NY.GDP.MKTP.CD,GDP (current US$),1966,5278005611.91453,2026-04-15 23:34:44.394977
EGY,"Egypt, Arab Rep.",NY.GDP.MKTP.CD,GDP (current US$),1965,4948667540.41066,2026-04-15 23:34:44.394977
EGY,"Egypt, Arab Rep.",NY.GDP.MKTP.CD,GDP (current US$),1964,4709245761.67881,2026-04-15 23:34:44.394977
EGY,"Egypt, Arab Rep.",NY.GDP.MKTP.CD,GDP (current US$),1963,4187146231.56839,2026-04-15 23:34:44.394977
EGY,"Egypt, Arab Rep.",NY.GDP.MKTP.CD,GDP (current US$),1962,4035462027.39753,2026-04-15 23:34:44.394977
EGY,"Egypt, Arab Rep.",NY.GDP.MKTP.CD,GDP (current US$),1961,4494575611.21289,2026-04-15 23:34:44.394977
EGY,"Egypt, Arab Rep.",NY.GDP.MKTP.CD,GDP (current US$),1960,4206270352.22633,2026-04-15 23:34:44.394977
EGY,"Egypt, Arab Rep.",SL.UEM.TOTL.ZS,"Unemployment, total (% of total labor force) (modeled ILO estimate)",2025,6.781,2026-04-15 23:34:45.680173
EGY,"Egypt, Arab Rep.",SL.UEM.TOTL.ZS,"Unemployment, total (% of total labor force) (modeled ILO estimate)",2024,6.817,2026-04-15 23:34:45.680173
EGY,"Egypt, Arab Rep.",SL.UEM.TOTL.ZS,"Unemployment, total (% of total labor force) (modeled ILO estimate)",2023,6.753,2026-04-15 23:34:45.680173
EGY,"Egypt, Arab Rep.",SL.UEM.TOTL.ZS,"Unemployment, total (% of total labor force) (modeled ILO estimate)",2022,6.546,2026-04-15 23:34:45.680173
EGY,"Egypt, Arab Rep.",SL.UEM.TOTL.ZS,"Unemployment, total (% of total labor force) (modeled ILO estimate)",2021,7.441,2026-04-15 23:34:45.680173
EGY,"Egypt, Arab Rep.",SL.UEM.TOTL.ZS,"Unemployment, total (% of total labor force) (modeled ILO estimate)",2020,7.974,2026-04-15 23:34:45.680173
EGY,"Egypt, Arab Rep.",SL.UEM.TOTL.ZS,"Unemployment, total (% of total labor force) (modeled ILO estimate)",2019,7.851,2026-04-15 23:34:45.680173
EGY,"Egypt, Arab Rep.",SL.UEM.TOTL.ZS,"Unemployment, total (% of total labor force) (modeled ILO estimate)",2018,9.855,2026-04-15 23:34:45.680173
EGY,"Egypt, Arab Rep.",SL.UEM.TOTL.ZS,"Unemployment, total (% of total labor force) (modeled ILO estimate)",2017,11.767,2026-04-15 23:34:45.680173
EGY,"Egypt, Arab Rep.",SL.UEM.TOTL.ZS,"Unemployment, total (% of total labor force) (modeled ILO estimate)",2016,12.45,2026-04-15 23:34:45.680173
EGY,"Egypt, Arab Rep.",SL.UEM.TOTL.ZS,"Unemployment, total (% of total labor force) (modeled ILO estimate)",2015,13.052,2026-04-15 23:34:45.680173
EGY,"Egypt, Arab Rep.",SL.UEM.TOTL.ZS,"Unemployment, total (% of total labor force) (modeled ILO estimate)",2014,13.105,2026-04-15 23:34:45.680173
EGY,"Egypt, Arab Rep.",SL.UEM.TOTL.ZS,"Unemployment, total (% of total labor force) (modeled ILO estimate)",2013,13.154,2026-04-15 23:34:45.680173
EGY,"Egypt, Arab Rep.",SL.UEM.TOTL.ZS,"Unemployment, total (% of total labor force) (modeled ILO estimate)",2012,12.597,2026-04-15 23:34:45.680173
EGY,"Egypt, Arab Rep.",SL.UEM.TOTL.ZS,"Unemployment, total (% of total labor force) (modeled ILO estimate)",2011,11.849,2026-04-15 23:34:45.680173
EGY,"Egypt, Arab Rep.",SL.UEM.TOTL.ZS,"Unemployment, total (% of total labor force) (modeled ILO estimate)",2010,8.757,2026-04-15 23:34:45.680173
EGY,"Egypt, Arab Rep.",SL.UEM.TOTL.ZS,"Unemployment, total (% of total labor force) (modeled ILO estimate)",2009,9.087,2026-04-15 23:34:45.680173
EGY,"Egypt, Arab Rep.",SL.UEM.TOTL.ZS,"Unemployment, total (% of total labor force) (modeled ILO estimate)",2008,8.517,2026-04-15 23:34:45.680173
EGY,"Egypt, Arab Rep.",SL.UEM.TOTL.ZS,"Unemployment, total (% of total labor force) (modeled ILO estimate)",2007,8.8,2026-04-15 23:34:45.680173
EGY,"Egypt, Arab Rep.",SL.UEM.TOTL.ZS,"Unemployment, total (% of total labor force) (modeled ILO estimate)",2006,10.49,2026-04-15 23:34:45.680173
EGY,"Egypt, Arab Rep.",SL.UEM.TOTL.ZS,"Unemployment, total (% of total labor force) (modeled ILO estimate)",2005,11.049,2026-04-15 23:34:45.680173
EGY,"Egypt, Arab Rep.",SL.UEM.TOTL.ZS,"Unemployment, total (% of total labor force) (modeled ILO estimate)",2004,10.32,2026-04-15 23:34:45.680173
EGY,"Egypt, Arab Rep.",SL.UEM.TOTL.ZS,"Unemployment, total (% of total labor force) (modeled ILO estimate)",2003,10.91,2026-04-15 23:34:45.680173
EGY,"Egypt, Arab Rep.",SL.UEM.TOTL.ZS,"Unemployment, total (% of total labor force) (modeled ILO estimate)",2002,10.01,2026-04-15 23:34:45.680173
EGY,"Egypt, Arab Rep.",SL.UEM.TOTL.ZS,"Unemployment, total (% of total labor force) (modeled ILO estimate)",2001,9.26,2026-04-15 23:34:45.680173
EGY,"Egypt, Arab Rep.",SL.UEM.TOTL.ZS,"Unemployment, total (% of total labor force) (modeled ILO estimate)",2000,8.98,2026-04-15 23:34:45.680173
EGY,"Egypt, Arab Rep.",SL.UEM.TOTL.ZS,"Unemployment, total (% of total labor force) (modeled ILO estimate)",1999,7.95,2026-04-15 23:34:45.680173
EGY,"Egypt, Arab Rep.",SL.UEM.TOTL.ZS,"Unemployment, total (% of total labor force) (modeled ILO estimate)",1998,8.03,2026-04-15 23:34:45.680173
EGY,"Egypt, Arab Rep.",SL.UEM.TOTL.ZS,"Unemployment, total (% of total labor force) (modeled ILO estimate)",1997,8.37,2026-04-15 23:34:45.680173
EGY,"Egypt, Arab Rep.",SL.UEM.TOTL.ZS,"Unemployment, total (% of total labor force) (modeled ILO estimate)",1996,9.0,2026-04-15 23:34:45.680173
EGY,"Egypt, Arab Rep.",SL.UEM.TOTL.ZS,"Unemployment, total (% of total labor force) (modeled ILO estimate)",1995,11.04,2026-04-15 23:34:45.680173
EGY,"Egypt, Arab Rep.",SL.UEM.TOTL.ZS,"Unemployment, total (% of total labor force) (modeled ILO estimate)",1994,10.93,2026-04-15 23:34:45.680173
EGY,"Egypt, Arab Rep.",SL.UEM.TOTL.ZS,"Unemployment, total (% of total labor force) (modeled ILO estimate)",1993,10.92,2026-04-15 23:34:45.680173
EGY,"Egypt, Arab Rep.",SL.UEM.TOTL.ZS,"Unemployment, total (% of total labor force) (modeled ILO estimate)",1992,8.92,2026-04-15 23:34:45.680173
EGY,"Egypt, Arab Rep.",SL.UEM.TOTL.ZS,"Unemployment, total (% of total labor force) (modeled ILO estimate)",1991,9.38,2026-04-15 23:34:45.680173
EGY,"Egypt, Arab Rep.",FP.CPI.TOTL.ZG,"Inflation, consumer prices (annual %)",2024,28.2705899322082,2026-04-15 23:34:46.958036
EGY,"Egypt, Arab Rep.",FP.CPI.TOTL.ZG,"Inflation, consumer prices (annual %)",2023,33.8847763115546,2026-04-15 23:34:46.958036
EGY,"Egypt, Arab Rep.",FP.CPI.TOTL.ZG,"Inflation, consumer prices (annual %)",2022,13.8956609775177,2026-04-15 23:34:46.958036
EGY,"Egypt, Arab Rep.",FP.CPI.TOTL.ZG,"Inflation, consumer prices (annual %)",2021,5.21404940513042,2026-04-15 23:34:46.958036
EGY,"Egypt, Arab Rep.",FP.CPI.TOTL.ZG,"Inflation, consumer prices (annual %)",2020,5.04493288977538,2026-04-15 23:34:46.958036
EGY,"Egypt, Arab Rep.",FP.CPI.TOTL.ZG,"Inflation, consumer prices (annual %)",2019,9.15279959324803,2026-04-15 23:34:46.958036
EGY,"Egypt, Arab Rep.",FP.CPI.TOTL.ZG,"Inflation, consumer prices (annual %)",2018,14.4014657807421,2026-04-15 23:34:46.958036
EGY,"Egypt, Arab Rep.",FP.CPI.TOTL.ZG,"Inflation, consumer prices (annual %)",2017,29.5066083940038,2026-04-15 23:34:46.958036
EGY,"Egypt, Arab Rep.",FP.CPI.TOTL.ZG,"Inflation, consumer prices (annual %)",2016,13.8136062148289,2026-04-15 23:34:46.958036
EGY,"Egypt, Arab Rep.",FP.CPI.TOTL.ZG,"Inflation, consumer prices (annual %)",2015,10.370490343517,2026-04-15 23:34:46.958036
EGY,"Egypt, Arab Rep.",FP.CPI.TOTL.ZG,"Inflation, consumer prices (annual %)",2014,10.0702154687481,2026-04-15 23:34:46.958036
EGY,"Egypt, Arab Rep.",FP.CPI.TOTL.ZG,"Inflation, consumer prices (annual %)",2013,9.4697198106492,2026-04-15 23:34:46.958036
EGY,"Egypt, Arab Rep.",FP.CPI.TOTL.ZG,"Inflation, consumer prices (annual %)",2012,7.11172943343082,2026-04-15 23:34:46.958639
EGY,"Egypt, Arab Rep.",FP.CPI.TOTL.ZG,"Inflation, consumer prices (annual %)",2011,10.0649259874818,2026-04-15 23:34:46.958639
EGY,"Egypt, Arab Rep.",FP.CPI.TOTL.ZG,"Inflation, consumer prices (annual %)",2010,11.2651882653185,2026-04-15 23:34:46.958639
EGY,"Egypt, Arab Rep.",FP.CPI.TOTL.ZG,"Inflation, consumer prices (annual %)",2009,11.7634954386443,2026-04-15 23:34:46.958639
EGY,"Egypt, Arab Rep.",FP.CPI.TOTL.ZG,"Inflation, consumer prices (annual %)",2008,18.3168316831684,2026-04-15 23:34:46.958639
EGY,"Egypt, Arab Rep.",FP.CPI.TOTL.ZG,"Inflation, consumer prices (annual %)",2007,9.31896905799229,2026-04-15 23:34:46.958639
EGY,"Egypt, Arab Rep.",FP.CPI.TOTL.ZG,"Inflation, consumer prices (annual %)",2006,7.64452644526434,2026-04-15 23:34:46.958639
EGY,"Egypt, Arab Rep.",FP.CPI.TOTL.ZG,"Inflation, consumer prices (annual %)",2005,4.86939696871988,2026-04-15 23:34:46.958681
EGY,"Egypt, Arab Rep.",FP.CPI.TOTL.ZG,"Inflation, consumer prices (annual %)",2004,11.2706193320519,2026-04-15 23:34:46.958681
EGY,"Egypt, Arab Rep.",FP.CPI.TOTL.ZG,"Inflation, consumer prices (annual %)",2003,4.50777636319303,2026-04-15 23:34:46.958681
EGY,"Egypt, Arab Rep.",FP.CPI.TOTL.ZG,"Inflation, consumer prices (annual %)",2002,2.73723855000334,2026-04-15 23:34:46.958681
EGY,"Egypt, Arab Rep.",FP.CPI.TOTL.ZG,"Inflation, consumer prices (annual %)",2001,2.26975720475955,2026-04-15 23:34:46.958681
EGY,"Egypt, Arab Rep.",FP.CPI.TOTL.ZG,"Inflation, consumer prices (annual %)",2000,2.68380535348546,2026-04-15 23:34:46.958681
EGY,"Egypt, Arab Rep.",FP.CPI.TOTL.ZG,"Inflation, consumer prices (annual %)",1999,3.07949912638332,2026-04-15 23:34:46.958681
EGY,"Egypt, Arab Rep.",FP.CPI.TOTL.ZG,"Inflation, consumer prices (annual %)",1998,3.87257546427489,2026-04-15 23:34:46.958681
EGY,"Egypt, Arab Rep.",FP.CPI.TOTL.ZG,"Inflation, consumer prices (annual %)",1997,4.62560578826438,2026-04-15 23:34:46.958681
EGY,"Egypt, Arab Rep.",FP.CPI.TOTL.ZG,"Inflation, consumer prices (annual %)",1996,7.18710369719992,2026-04-15 23:34:46.958681
EGY,"Egypt, Arab Rep.",FP.CPI.TOTL.ZG,"Inflation, consumer prices (annual %)",1995,15.7422305021595,2026-04-15 23:34:46.958681
EGY,"Egypt, Arab Rep.",FP.CPI.TOTL.ZG,"Inflation, consumer prices (annual %)",1994,8.15423128587096,2026-04-15 23:34:46.958681
EGY,"Egypt, Arab Rep.",FP.CPI.TOTL.ZG,"Inflation, consumer prices (annual %)",1993,12.0897922868977,2026-04-15 23:34:46.958681
EGY,"Egypt, Arab Rep.",FP.CPI.TOTL.ZG,"Inflation, consumer prices (annual %)",1992,13.6374241717218,2026-04-15 23:34:46.958681
EGY,"Egypt, Arab Rep.",FP.CPI.TOTL.ZG,"Inflation, consumer prices (annual %)",1991,19.7485448195578,2026-04-15 23:34:46.958681
EGY,"Egypt, Arab Rep.",FP.CPI.TOTL.ZG,"Inflation, consumer prices (annual %)",1990,16.7563747077691,2026-04-15 23:34:46.958681
EGY,"Egypt, Arab Rep.",FP.CPI.TOTL.ZG,"Inflation, consumer prices (annual %)",1989,21.2618670886077,2026-04-15 23:34:46.958681
EGY,"Egypt, Arab Rep.",FP.CPI.TOTL.ZG,"Inflation, consumer prices (annual %)",1988,17.66348615313,2026-04-15 23:34:46.958681
EGY,"Egypt, Arab Rep.",FP.CPI.TOTL.ZG,"Inflation, consumer prices (annual %)",1987,19.693593314763,2026-04-15 23:34:46.958681
EGY,"Egypt, Arab Rep.",FP.CPI.TOTL.ZG,"Inflation, consumer prices (annual %)",1986,23.8642898217366,2026-04-15 23:34:46.958681
EGY,"Egypt, Arab Rep.",FP.CPI.TOTL.ZG,"Inflation, consumer prices (annual %)",1985,12.1067560598246,2026-04-15 23:34:46.958681
EGY,"Egypt, Arab Rep.",FP.CPI.TOTL.ZG,"Inflation, consumer prices (annual %)",1984,17.0363663799607,2026-04-15 23:34:46.958681
EGY,"Egypt, Arab Rep.",FP.CPI.TOTL.ZG,"Inflation, consumer prices (annual %)",1983,16.0798738833419,2026-04-15 23:34:46.958681
EGY,"Egypt, Arab Rep.",FP.CPI.TOTL.ZG,"Inflation, consumer prices (annual %)",1982,14.8230088495576,2026-04-15 23:34:46.958681
EGY,"Egypt, Arab Rep.",FP.CPI.TOTL.ZG,"Inflation, consumer prices (annual %)",1981,10.3172842245395,2026-04-15 23:34:46.958681
EGY,"Egypt, Arab Rep.",FP.CPI.TOTL.ZG,"Inflation, consumer prices (annual %)",1980,20.8192249324218,2026-04-15 23:34:46.958681
EGY,"Egypt, Arab Rep.",FP.CPI.TOTL.ZG,"Inflation, consumer prices (annual %)",1979,9.90436051231129,2026-04-15 23:34:46.958681
EGY,"Egypt, Arab Rep.",FP.CPI.TOTL.ZG,"Inflation, consumer prices (annual %)",1978,11.0781003826139,2026-04-15 23:34:46.958681
EGY,"Egypt, Arab Rep.",FP.CPI.TOTL.ZG,"Inflation, consumer prices (annual %)",1977,12.7321627929891,2026-04-15 23:34:46.958681
EGY,"Egypt, Arab Rep.",FP.CPI.TOTL.ZG,"Inflation, consumer prices (annual %)",1976,10.3174158877413,2026-04-15 23:34:46.958681
EGY,"Egypt, Arab Rep.",FP.CPI.TOTL.ZG,"Inflation, consumer prices (annual %)",1975,9.66969548151244,2026-04-15 23:34:46.958681
EGY,"Egypt, Arab Rep.",FP.CPI.TOTL.ZG,"Inflation, consumer prices (annual %)",1974,10.0243177516483,2026-04-15 23:34:46.958681
EGY,"Egypt, Arab Rep.",FP.CPI.TOTL.ZG,"Inflation, consumer prices (annual %)",1973,5.11218403908756,2026-04-15 23:34:46.958681
EGY,"Egypt, Arab Rep.",FP.CPI.TOTL.ZG,"Inflation, consumer prices (annual %)",1972,2.10236334610112,2026-04-15 23:34:46.958681
EGY,"Egypt, Arab Rep.",FP.CPI.TOTL.ZG,"Inflation, consumer prices (annual %)",1971,3.14042171394198,2026-04-15 23:34:46.958681
EGY,"Egypt, Arab Rep.",FP.CPI.TOTL.ZG,"Inflation, consumer prices (annual %)",1970,3.76289859580536,2026-04-15 23:34:46.958681
EGY,"Egypt, Arab Rep.",FP.CPI.TOTL.ZG,"Inflation, consumer prices (annual %)",1969,3.40982028243742,2026-04-15 23:34:46.958681
EGY,"Egypt, Arab Rep.",FP.CPI.TOTL.ZG,"Inflation, consumer prices (annual %)",1968,-1.6757594245691,2026-04-15 23:34:46.958681
EGY,"Egypt, Arab Rep.",FP.CPI.TOTL.ZG,"Inflation, consumer prices (annual %)",1967,0.701897484353739,2026-04-15 23:34:46.958681
EGY,"Egypt, Arab Rep.",FP.CPI.TOTL.ZG,"Inflation, consumer prices (annual %)",1966,9.03644065817629,2026-04-15 23:34:46.958681
EGY,"Egypt, Arab Rep.",FP.CPI.TOTL.ZG,"Inflation, consumer prices (annual %)",1965,14.839004461624,2026-04-15 23:34:46.958681
EGY,"Egypt, Arab Rep.",FP.CPI.TOTL.ZG,"Inflation, consumer prices (annual %)",1964,3.66098294885467,2026-04-15 23:34:46.958681
EGY,"Egypt, Arab Rep.",FP.CPI.TOTL.ZG,"Inflation, consumer prices (annual %)",1963,0.746645708135429,2026-04-15 23:34:46.958681
EGY,"Egypt, Arab Rep.",FP.CPI.TOTL.ZG,"Inflation, consumer prices (annual %)",1962,-3.00307658790783,2026-04-15 23:34:46.958681
EGY,"Egypt, Arab Rep.",FP.CPI.TOTL.ZG,"Inflation, consumer prices (annual %)",1961,0.693606754935329,2026-04-15 23:34:46.958681
EGY,"Egypt, Arab Rep.",FP.CPI.TOTL.ZG,"Inflation, consumer prices (annual %)",1960,0.332829047091751,2026-04-15 23:34:46.958681
SAU,Saudi Arabia,NY.GDP.MKTP.CD,GDP (current US$),2024,1239804533333.33,2026-04-15 23:34:48.248018
SAU,Saudi Arabia,NY.GDP.MKTP.CD,GDP (current US$),2023,1218584533333.33,2026-04-15 23:34:48.248018
SAU,Saudi Arabia,NY.GDP.MKTP.CD,GDP (current US$),2022,1239075200000.0,2026-04-15 23:34:48.248018
SAU,Saudi Arabia,NY.GDP.MKTP.CD,GDP (current US$),2021,982661066666.667,2026-04-15 23:34:48.248018
SAU,Saudi Arabia,NY.GDP.MKTP.CD,GDP (current US$),2020,767951200000.0,2026-04-15 23:34:48.248018
SAU,Saudi Arabia,NY.GDP.MKTP.CD,GDP (current US$),2019,888890133333.333,2026-04-15 23:34:48.248018
SAU,Saudi Arabia,NY.GDP.MKTP.CD,GDP (current US$),2018,886564800000.0,2026-04-15 23:34:48.248018
SAU,Saudi Arabia,NY.GDP.MKTP.CD,GDP (current US$),2017,741266133333.333,2026-04-15 23:34:48.248018
SAU,Saudi Arabia,NY.GDP.MKTP.CD,GDP (current US$),2016,689279466666.667,2026-04-15 23:34:48.248018
SAU,Saudi Arabia,NY.GDP.MKTP.CD,GDP (current US$),2015,693414400000.0,2026-04-15 23:34:48.248018
SAU,Saudi Arabia,NY.GDP.MKTP.CD,GDP (current US$),2014,787153066666.667,2026-04-15 23:34:48.248018
SAU,Saudi Arabia,NY.GDP.MKTP.CD,GDP (current US$),2013,769755733333.333,2026-04-15 23:34:48.248018
SAU,Saudi Arabia,NY.GDP.MKTP.CD,GDP (current US$),2012,751921333333.333,2026-04-15 23:34:48.248018
SAU,Saudi Arabia,NY.GDP.MKTP.CD,GDP (current US$),2011,680660800000.0,2026-04-15 23:34:48.248018
SAU,Saudi Arabia,NY.GDP.MKTP.CD,GDP (current US$),2010,528207466666.667,2026-04-15 23:34:48.248018
SAU,Saudi Arabia,NY.GDP.MKTP.CD,GDP (current US$),2009,429097866666.667,2026-04-15 23:34:48.248018
SAU,Saudi Arabia,NY.GDP.MKTP.CD,GDP (current US$),2008,519796800000.0,2026-04-15 23:34:48.248018
SAU,Saudi Arabia,NY.GDP.MKTP.CD,GDP (current US$),2007,415964509673.115,2026-04-15 23:34:48.248018
SAU,Saudi Arabia,NY.GDP.MKTP.CD,GDP (current US$),2006,376900133511.348,2026-04-15 23:34:48.248018
SAU,Saudi Arabia,NY.GDP.MKTP.CD,GDP (current US$),2005,328459608764.111,2026-04-15 23:34:48.248018
SAU,Saudi Arabia,NY.GDP.MKTP.CD,GDP (current US$),2004,258742133333.333,2026-04-15 23:34:48.248018
SAU,Saudi Arabia,NY.GDP.MKTP.CD,GDP (current US$),2003,215807733333.333,2026-04-15 23:34:48.248018
SAU,Saudi Arabia,NY.GDP.MKTP.CD,GDP (current US$),2002,189605866666.667,2026-04-15 23:34:48.248018
SAU,Saudi Arabia,NY.GDP.MKTP.CD,GDP (current US$),2001,184137600000.0,2026-04-15 23:34:48.248018
SAU,Saudi Arabia,NY.GDP.MKTP.CD,GDP (current US$),2000,189514933333.333,2026-04-15 23:34:48.248018
SAU,Saudi Arabia,NY.GDP.MKTP.CD,GDP (current US$),1999,161717066666.667,2026-04-15 23:34:48.248018
SAU,Saudi Arabia,NY.GDP.MKTP.CD,GDP (current US$),1998,146775466666.667,2026-04-15 23:34:48.248018
SAU,Saudi Arabia,NY.GDP.MKTP.CD,GDP (current US$),1997,165963684913.218,2026-04-15 23:34:48.248018
SAU,Saudi Arabia,NY.GDP.MKTP.CD,GDP (current US$),1996,158662483311.081,2026-04-15 23:34:48.248018
SAU,Saudi Arabia,NY.GDP.MKTP.CD,GDP (current US$),1995,143343124165.554,2026-04-15 23:34:48.248018
SAU,Saudi Arabia,NY.GDP.MKTP.CD,GDP (current US$),1994,135174899866.489,2026-04-15 23:34:48.248018
SAU,Saudi Arabia,NY.GDP.MKTP.CD,GDP (current US$),1993,132967957276.368,2026-04-15 23:34:48.248018
SAU,Saudi Arabia,NY.GDP.MKTP.CD,GDP (current US$),1992,137087850467.29,2026-04-15 23:34:48.248018
SAU,Saudi Arabia,NY.GDP.MKTP.CD,GDP (current US$),1991,132223230974.633,2026-04-15 23:34:48.248018
SAU,Saudi Arabia,NY.GDP.MKTP.CD,GDP (current US$),1990,117630173564.753,2026-04-15 23:34:48.248018
SAU,Saudi Arabia,NY.GDP.MKTP.CD,GDP (current US$),1989,95344459279.0387,2026-04-15 23:34:48.248018
SAU,Saudi Arabia,NY.GDP.MKTP.CD,GDP (current US$),1988,88256074766.3551,2026-04-15 23:34:48.248018
SAU,Saudi Arabia,NY.GDP.MKTP.CD,GDP (current US$),1987,85695861148.1976,2026-04-15 23:34:48.248018
SAU,Saudi Arabia,NY.GDP.MKTP.CD,GDP (current US$),1986,86961922765.3254,2026-04-15 23:34:48.248018
SAU,Saudi Arabia,NY.GDP.MKTP.CD,GDP (current US$),1985,103897846493.65,2026-04-15 23:34:48.248018
SAU,Saudi Arabia,NY.GDP.MKTP.CD,GDP (current US$),1984,119624858115.778,2026-04-15 23:34:48.248018
SAU,Saudi Arabia,NY.GDP.MKTP.CD,GDP (current US$),1983,129171635311.143,2026-04-15 23:34:48.248018
SAU,Saudi Arabia,NY.GDP.MKTP.CD,GDP (current US$),1982,153240313858.323,2026-04-15 23:34:48.248018
SAU,Saudi Arabia,NY.GDP.MKTP.CD,GDP (current US$),1981,184291360138.69,2026-04-15 23:34:48.248018
SAU,Saudi Arabia,NY.GDP.MKTP.CD,GDP (current US$),1980,164539660725.118,2026-04-15 23:34:48.248018
SAU,Saudi Arabia,NY.GDP.MKTP.CD,GDP (current US$),1979,111858444786.224,2026-04-15 23:34:48.248018
SAU,Saudi Arabia,NY.GDP.MKTP.CD,GDP (current US$),1978,80266516686.5614,2026-04-15 23:34:48.248018
SAU,Saudi Arabia,NY.GDP.MKTP.CD,GDP (current US$),1977,74188986586.0629,2026-04-15 23:34:48.248018
SAU,Saudi Arabia,NY.GDP.MKTP.CD,GDP (current US$),1976,64005665722.3796,2026-04-15 23:34:48.248018
SAU,Saudi Arabia,NY.GDP.MKTP.CD,GDP (current US$),1975,46773208642.6814,2026-04-15 23:34:48.248018
SAU,Saudi Arabia,NY.GDP.MKTP.CD,GDP (current US$),1974,45412957746.4789,2026-04-15 23:34:48.248018
SAU,Saudi Arabia,NY.GDP.MKTP.CD,GDP (current US$),1973,14947435499.323,2026-04-15 23:34:48.248018
SAU,Saudi Arabia,NY.GDP.MKTP.CD,GDP (current US$),1972,9664267086.60323,2026-04-15 23:34:48.248018
SAU,Saudi Arabia,NY.GDP.MKTP.CD,GDP (current US$),1971,7184806909.28939,2026-04-15 23:34:48.248018
SAU,Saudi Arabia,NY.GDP.MKTP.CD,GDP (current US$),1970,5377333333.33333,2026-04-15 23:34:48.248018
SAU,Saudi Arabia,NY.GDP.MKTP.CD,GDP (current US$),1969,4485777644.44444,2026-04-15 23:34:48.248018
SAU,Saudi Arabia,NY.GDP.MKTP.CD,GDP (current US$),1968,4187777711.11111,2026-04-15 23:34:48.248018
SAU,Saudi Arabia,NY.GDP.MKTP.CD,GDP (current US$),1967,3257022222.66667,2026-04-15 23:34:48.248018
SAU,Saudi Arabia,NY.GDP.MKTP.CD,GDP (current US$),1966,2920555557.11111,2026-04-15 23:34:48.248018
SAU,Saudi Arabia,NY.GDP.MKTP.CD,GDP (current US$),1965,2647955557.55556,2026-04-15 23:34:48.248018
SAU,Saudi Arabia,NY.GDP.MKTP.CD,GDP (current US$),1964,2371808712.88889,2026-04-15 23:34:48.248018
SAU,Saudi Arabia,NY.GDP.MKTP.CD,GDP (current US$),1963,2207393171.55556,2026-04-15 23:34:48.248018
SAU,Saudi Arabia,NY.GDP.MKTP.CD,GDP (current US$),1962,2130606531.77778,2026-04-15 23:34:48.248018
SAU,Saudi Arabia,NY.GDP.MKTP.CD,GDP (current US$),1961,1920811284.22222,2026-04-15 23:34:48.248018
SAU,Saudi Arabia,NY.GDP.MKTP.CD,GDP (current US$),1960,1748124063.55556,2026-04-15 23:34:48.248018
SAU,Saudi Arabia,SL.UEM.TOTL.ZS,"Unemployment, total (% of total labor force) (modeled ILO estimate)",2025,3.038,2026-04-15 23:34:49.530572
SAU,Saudi Arabia,SL.UEM.TOTL.ZS,"Unemployment, total (% of total labor force) (modeled ILO estimate)",2024,3.518,2026-04-15 23:34:49.530572
SAU,Saudi Arabia,SL.UEM.TOTL.ZS,"Unemployment, total (% of total labor force) (modeled ILO estimate)",2023,4.008,2026-04-15 23:34:49.531569
SAU,Saudi Arabia,SL.UEM.TOTL.ZS,"Unemployment, total (% of total labor force) (modeled ILO estimate)",2022,5.589,2026-04-15 23:34:49.531569
SAU,Saudi Arabia,SL.UEM.TOTL.ZS,"Unemployment, total (% of total labor force) (modeled ILO estimate)",2021,6.621,2026-04-15 23:34:49.531569
SAU,Saudi Arabia,SL.UEM.TOTL.ZS,"Unemployment, total (% of total labor force) (modeled ILO estimate)",2020,7.66,2026-04-15 23:34:49.531569
SAU,Saudi Arabia,SL.UEM.TOTL.ZS,"Unemployment, total (% of total labor force) (modeled ILO estimate)",2019,5.636,2026-04-15 23:34:49.531569
SAU,Saudi Arabia,SL.UEM.TOTL.ZS,"Unemployment, total (% of total labor force) (modeled ILO estimate)",2018,6.029,2026-04-15 23:34:49.531569
SAU,Saudi Arabia,SL.UEM.TOTL.ZS,"Unemployment, total (% of total labor force) (modeled ILO estimate)",2017,5.89,2026-04-15 23:34:49.531569
SAU,Saudi Arabia,SL.UEM.TOTL.ZS,"Unemployment, total (% of total labor force) (modeled ILO estimate)",2016,5.6,2026-04-15 23:34:49.531569
SAU,Saudi Arabia,SL.UEM.TOTL.ZS,"Unemployment, total (% of total labor force) (modeled ILO estimate)",2015,5.6,2026-04-15 23:34:49.531569
SAU,Saudi Arabia,SL.UEM.TOTL.ZS,"Unemployment, total (% of total labor force) (modeled ILO estimate)",2014,5.877,2026-04-15 23:34:49.531569
SAU,Saudi Arabia,SL.UEM.TOTL.ZS,"Unemployment, total (% of total labor force) (modeled ILO estimate)",2013,5.6,2026-04-15 23:34:49.531569
SAU,Saudi Arabia,SL.UEM.TOTL.ZS,"Unemployment, total (% of total labor force) (modeled ILO estimate)",2012,5.622,2026-04-15 23:34:49.531569
SAU,Saudi Arabia,SL.UEM.TOTL.ZS,"Unemployment, total (% of total labor force) (modeled ILO estimate)",2011,5.77,2026-04-15 23:34:49.531569
SAU,Saudi Arabia,SL.UEM.TOTL.ZS,"Unemployment, total (% of total labor force) (modeled ILO estimate)",2010,5.55,2026-04-15 23:34:49.531569
SAU,Saudi Arabia,SL.UEM.TOTL.ZS,"Unemployment, total (% of total labor force) (modeled ILO estimate)",2009,5.377,2026-04-15 23:34:49.531569
SAU,Saudi Arabia,SL.UEM.TOTL.ZS,"Unemployment, total (% of total labor force) (modeled ILO estimate)",2008,5.085,2026-04-15 23:34:49.531569
SAU,Saudi Arabia,SL.UEM.TOTL.ZS,"Unemployment, total (% of total labor force) (modeled ILO estimate)",2007,5.734,2026-04-15 23:34:49.531569
SAU,Saudi Arabia,SL.UEM.TOTL.ZS,"Unemployment, total (% of total labor force) (modeled ILO estimate)",2006,6.254,2026-04-15 23:34:49.531569
SAU,Saudi Arabia,SL.UEM.TOTL.ZS,"Unemployment, total (% of total labor force) (modeled ILO estimate)",2005,6.051,2026-04-15 23:34:49.531569
SAU,Saudi Arabia,SL.UEM.TOTL.ZS,"Unemployment, total (% of total labor force) (modeled ILO estimate)",2004,5.822,2026-04-15 23:34:49.531569
SAU,Saudi Arabia,SL.UEM.TOTL.ZS,"Unemployment, total (% of total labor force) (modeled ILO estimate)",2003,5.563,2026-04-15 23:34:49.531569
SAU,Saudi Arabia,SL.UEM.TOTL.ZS,"Unemployment, total (% of total labor force) (modeled ILO estimate)",2002,5.265,2026-04-15 23:34:49.531569
SAU,Saudi Arabia,SL.UEM.TOTL.ZS,"Unemployment, total (% of total labor force) (modeled ILO estimate)",2001,4.618,2026-04-15 23:34:49.531569
SAU,Saudi Arabia,SL.UEM.TOTL.ZS,"Unemployment, total (% of total labor force) (modeled ILO estimate)",2000,4.57,2026-04-15 23:34:49.531569
SAU,Saudi Arabia,SL.UEM.TOTL.ZS,"Unemployment, total (% of total labor force) (modeled ILO estimate)",1999,4.346,2026-04-15 23:34:49.531569
SAU,Saudi Arabia,SL.UEM.TOTL.ZS,"Unemployment, total (% of total labor force) (modeled ILO estimate)",1998,4.752,2026-04-15 23:34:49.531569
SAU,Saudi Arabia,SL.UEM.TOTL.ZS,"Unemployment, total (% of total labor force) (modeled ILO estimate)",1997,5.283,2026-04-15 23:34:49.531569
SAU,Saudi Arabia,SL.UEM.TOTL.ZS,"Unemployment, total (% of total labor force) (modeled ILO estimate)",1996,5.804,2026-04-15 23:34:49.531569
SAU,Saudi Arabia,SL.UEM.TOTL.ZS,"Unemployment, total (% of total labor force) (modeled ILO estimate)",1995,6.365,2026-04-15 23:34:49.531569
SAU,Saudi Arabia,SL.UEM.TOTL.ZS,"Unemployment, total (% of total labor force) (modeled ILO estimate)",1994,6.733,2026-04-15 23:34:49.531569
SAU,Saudi Arabia,SL.UEM.TOTL.ZS,"Unemployment, total (% of total labor force) (modeled ILO estimate)",1993,7.002,2026-04-15 23:34:49.531569
SAU,Saudi Arabia,SL.UEM.TOTL.ZS,"Unemployment, total (% of total labor force) (modeled ILO estimate)",1992,7.2,2026-04-15 23:34:49.531569
SAU,Saudi Arabia,SL.UEM.TOTL.ZS,"Unemployment, total (% of total labor force) (modeled ILO estimate)",1991,7.316,2026-04-15 23:34:49.531569
SAU,Saudi Arabia,FP.CPI.TOTL.ZG,"Inflation, consumer prices (annual %)",2024,1.68792112375809,2026-04-15 23:34:50.808768
SAU,Saudi Arabia,FP.CPI.TOTL.ZG,"Inflation, consumer prices (annual %)",2023,2.32708518362706,2026-04-15 23:34:50.808768
SAU,Saudi Arabia,FP.CPI.TOTL.ZG,"Inflation, consumer prices (annual %)",2022,2.47407371925372,2026-04-15 23:34:50.808768
SAU,Saudi Arabia,FP.CPI.TOTL.ZG,"Inflation, consumer prices (annual %)",2021,3.06328988941548,2026-04-15 23:34:50.808768
SAU,Saudi Arabia,FP.CPI.TOTL.ZG,"Inflation, consumer prices (annual %)",2020,3.37234961012303,2026-04-15 23:34:50.808768
SAU,Saudi Arabia,FP.CPI.TOTL.ZG,"Inflation, consumer prices (annual %)",2019,-1.19298644533328,2026-04-15 23:34:50.808768
SAU,Saudi Arabia,FP.CPI.TOTL.ZG,"Inflation, consumer prices (annual %)",2018,2.46594308994843,2026-04-15 23:34:50.808768
SAU,Saudi Arabia,FP.CPI.TOTL.ZG,"Inflation, consumer prices (annual %)",2017,-0.834845735027162,2026-04-15 23:34:50.808768
SAU,Saudi Arabia,FP.CPI.TOTL.ZG,"Inflation, consumer prices (annual %)",2016,2.05347076823965,2026-04-15 23:34:50.808768
SAU,Saudi Arabia,FP.CPI.TOTL.ZG,"Inflation, consumer prices (annual %)",2015,1.22269318552328,2026-04-15 23:34:50.808768
SAU,Saudi Arabia,FP.CPI.TOTL.ZG,"Inflation, consumer prices (annual %)",2014,2.24185348779063,2026-04-15 23:34:50.808768
SAU,Saudi Arabia,FP.CPI.TOTL.ZG,"Inflation, consumer prices (annual %)",2013,3.51104209799866,2026-04-15 23:34:50.808768
SAU,Saudi Arabia,FP.CPI.TOTL.ZG,"Inflation, consumer prices (annual %)",2012,2.86627029905053,2026-04-15 23:34:50.808768
SAU,Saudi Arabia,FP.CPI.TOTL.ZG,"Inflation, consumer prices (annual %)",2011,5.8262163739404,2026-04-15 23:34:50.808768
SAU,Saudi Arabia,FP.CPI.TOTL.ZG,"Inflation, consumer prices (annual %)",2010,5.33941733020905,2026-04-15 23:34:50.808768
SAU,Saudi Arabia,FP.CPI.TOTL.ZG,"Inflation, consumer prices (annual %)",2009,5.0572227614833,2026-04-15 23:34:50.808768
SAU,Saudi Arabia,FP.CPI.TOTL.ZG,"Inflation, consumer prices (annual %)",2008,9.87024816760266,2026-04-15 23:34:50.808768
SAU,Saudi Arabia,FP.CPI.TOTL.ZG,"Inflation, consumer prices (annual %)",2007,4.16782358431579,2026-04-15 23:34:50.808768
SAU,Saudi Arabia,FP.CPI.TOTL.ZG,"Inflation, consumer prices (annual %)",2006,2.20902314069647,2026-04-15 23:34:50.808768
SAU,Saudi Arabia,FP.CPI.TOTL.ZG,"Inflation, consumer prices (annual %)",2005,0.479231671630955,2026-04-15 23:34:50.808768
SAU,Saudi Arabia,FP.CPI.TOTL.ZG,"Inflation, consumer prices (annual %)",2004,0.5155078977673,2026-04-15 23:34:50.808768
SAU,Saudi Arabia,FP.CPI.TOTL.ZG,"Inflation, consumer prices (annual %)",2003,0.612195358172966,2026-04-15 23:34:50.808768
SAU,Saudi Arabia,FP.CPI.TOTL.ZG,"Inflation, consumer prices (annual %)",2002,0.247186492339686,2026-04-15 23:34:50.808768
SAU,Saudi Arabia,FP.CPI.TOTL.ZG,"Inflation, consumer prices (annual %)",2001,-1.12094804896791,2026-04-15 23:34:50.808768
SAU,Saudi Arabia,FP.CPI.TOTL.ZG,"Inflation, consumer prices (annual %)",2000,-1.12499838517645,2026-04-15 23:34:50.808768
SAU,Saudi Arabia,FP.CPI.TOTL.ZG,"Inflation, consumer prices (annual %)",1999,-1.33375489653896,2026-04-15 23:34:50.808768
SAU,Saudi Arabia,FP.CPI.TOTL.ZG,"Inflation, consumer prices (annual %)",1998,-0.37126675171199,2026-04-15 23:34:50.808768
SAU,Saudi Arabia,FP.CPI.TOTL.ZG,"Inflation, consumer prices (annual %)",1997,0.0571506050626489,2026-04-15 23:34:50.808768
SAU,Saudi Arabia,FP.CPI.TOTL.ZG,"Inflation, consumer prices (annual %)",1996,1.22206054877756,2026-04-15 23:34:50.808768
SAU,Saudi Arabia,FP.CPI.TOTL.ZG,"Inflation, consumer prices (annual %)",1995,4.86843103056033,2026-04-15 23:34:50.808768
SAU,Saudi Arabia,FP.CPI.TOTL.ZG,"Inflation, consumer prices (annual %)",1994,0.564325478533149,2026-04-15 23:34:50.808768
SAU,Saudi Arabia,FP.CPI.TOTL.ZG,"Inflation, consumer prices (annual %)",1993,1.05579531442695,2026-04-15 23:34:50.808768
SAU,Saudi Arabia,FP.CPI.TOTL.ZG,"Inflation, consumer prices (annual %)",1992,-0.0770060064690921,2026-04-15 23:34:50.808768
SAU,Saudi Arabia,FP.CPI.TOTL.ZG,"Inflation, consumer prices (annual %)",1991,4.86111111111137,2026-04-15 23:34:50.808768
SAU,Saudi Arabia,FP.CPI.TOTL.ZG,"Inflation, consumer prices (annual %)",1990,2.07715133531156,2026-04-15 23:34:50.808768
SAU,Saudi Arabia,FP.CPI.TOTL.ZG,"Inflation, consumer prices (annual %)",1989,1.03264490339739,2026-04-15 23:34:50.808768
SAU,Saudi Arabia,FP.CPI.TOTL.ZG,"Inflation, consumer prices (annual %)",1988,0.907563025210523,2026-04-15 23:34:50.808768
SAU,Saudi Arabia,FP.CPI.TOTL.ZG,"Inflation, consumer prices (annual %)",1987,-1.54711673699019,2026-04-15 23:34:50.808768
SAU,Saudi Arabia,FP.CPI.TOTL.ZG,"Inflation, consumer prices (annual %)",1986,-3.203331464723,2026-04-15 23:34:50.808768
SAU,Saudi Arabia,FP.CPI.TOTL.ZG,"Inflation, consumer prices (annual %)",1985,-3.05876872913662,2026-04-15 23:34:50.808768
SAU,Saudi Arabia,FP.CPI.TOTL.ZG,"Inflation, consumer prices (annual %)",1984,-1.55903706534203,2026-04-15 23:34:50.808768
SAU,Saudi Arabia,FP.CPI.TOTL.ZG,"Inflation, consumer prices (annual %)",1983,0.191424196019064,2026-04-15 23:34:50.808768
SAU,Saudi Arabia,FP.CPI.TOTL.ZG,"Inflation, consumer prices (annual %)",1982,1.02103960396035,2026-04-15 23:34:50.808768
SAU,Saudi Arabia,FP.CPI.TOTL.ZG,"Inflation, consumer prices (annual %)",1981,2.79898218829488,2026-04-15 23:34:50.808768
SAU,Saudi Arabia,FP.CPI.TOTL.ZG,"Inflation, consumer prices (annual %)",1980,4.1692665536329,2026-04-15 23:34:50.808768
SAU,Saudi Arabia,FP.CPI.TOTL.ZG,"Inflation, consumer prices (annual %)",1979,1.08156690288337,2026-04-15 23:34:50.808768
SAU,Saudi Arabia,FP.CPI.TOTL.ZG,"Inflation, consumer prices (annual %)",1978,-1.58360185022086,2026-04-15 23:34:50.808768
SAU,Saudi Arabia,FP.CPI.TOTL.ZG,"Inflation, consumer prices (annual %)",1977,11.3990111699532,2026-04-15 23:34:50.808768
SAU,Saudi Arabia,FP.CPI.TOTL.ZG,"Inflation, consumer prices (annual %)",1976,31.5586605641125,2026-04-15 23:34:50.808768
SAU,Saudi Arabia,FP.CPI.TOTL.ZG,"Inflation, consumer prices (annual %)",1975,34.5761063381485,2026-04-15 23:34:50.808768
SAU,Saudi Arabia,FP.CPI.TOTL.ZG,"Inflation, consumer prices (annual %)",1974,21.4370078736641,2026-04-15 23:34:50.808768
SAU,Saudi Arabia,FP.CPI.TOTL.ZG,"Inflation, consumer prices (annual %)",1973,16.5137614681954,2026-04-15 23:34:50.808768
SAU,Saudi Arabia,FP.CPI.TOTL.ZG,"Inflation, consumer prices (annual %)",1972,4.33117970783497,2026-04-15 23:34:50.808768
SAU,Saudi Arabia,FP.CPI.TOTL.ZG,"Inflation, consumer prices (annual %)",1971,4.47499999974997,2026-04-15 23:34:50.808768
SAU,Saudi Arabia,FP.CPI.TOTL.ZG,"Inflation, consumer prices (annual %)",1970,0.177777777777784,2026-04-15 23:34:50.808768
SAU,Saudi Arabia,FP.CPI.TOTL.ZG,"Inflation, consumer prices (annual %)",1969,3.49586016559326,2026-04-15 23:34:50.808768
SAU,Saudi Arabia,FP.CPI.TOTL.ZG,"Inflation, consumer prices (annual %)",1968,1.58878504672938,2026-04-15 23:34:50.808768
SAU,Saudi Arabia,FP.CPI.TOTL.ZG,"Inflation, consumer prices (annual %)",1967,2.09923664219521,2026-04-15 23:34:50.808768
SAU,Saudi Arabia,FP.CPI.TOTL.ZG,"Inflation, consumer prices (annual %)",1966,1.55038759593042,2026-04-15 23:34:50.808768
SAU,Saudi Arabia,FP.CPI.TOTL.ZG,"Inflation, consumer prices (annual %)",1965,0.389105059342286,2026-04-15 23:34:50.808768
SAU,Saudi Arabia,FP.CPI.TOTL.ZG,"Inflation, consumer prices (annual %)",1964,2.79999999899983,2026-04-15 23:34:50.808768
ARE,United Arab Emirates,NY.GDP.MKTP.CD,GDP (current US$),2024,552324846834.581,2026-04-15 23:34:52.110433
ARE,United Arab Emirates,NY.GDP.MKTP.CD,GDP (current US$),2023,522622191967.325,2026-04-15 23:34:52.110433
ARE,United Arab Emirates,NY.GDP.MKTP.CD,GDP (current US$),2022,511403403675.97,2026-04-15 23:34:52.110433
ARE,United Arab Emirates,NY.GDP.MKTP.CD,GDP (current US$),2021,422441388699.796,2026-04-15 23:34:52.110433
ARE,United Arab Emirates,NY.GDP.MKTP.CD,GDP (current US$),2020,357161878829.135,2026-04-15 23:34:52.110433
ARE,United Arab Emirates,NY.GDP.MKTP.CD,GDP (current US$),2019,433926208304.969,2026-04-15 23:34:52.110433
ARE,United Arab Emirates,NY.GDP.MKTP.CD,GDP (current US$),2018,440560108917.631,2026-04-15 23:34:52.110433
ARE,United Arab Emirates,NY.GDP.MKTP.CD,GDP (current US$),2017,403365010211.028,2026-04-15 23:34:52.110433
ARE,United Arab Emirates,NY.GDP.MKTP.CD,GDP (current US$),2016,381717086453.37,2026-04-15 23:34:52.110433
ARE,United Arab Emirates,NY.GDP.MKTP.CD,GDP (current US$),2015,381973042886.317,2026-04-15 23:34:52.110433
ARE,United Arab Emirates,NY.GDP.MKTP.CD,GDP (current US$),2014,424935874744.724,2026-04-15 23:34:52.110433
ARE,United Arab Emirates,NY.GDP.MKTP.CD,GDP (current US$),2013,409632675289.313,2026-04-15 23:34:52.110433
ARE,United Arab Emirates,NY.GDP.MKTP.CD,GDP (current US$),2012,392793464942.138,2026-04-15 23:34:52.110433
ARE,United Arab Emirates,NY.GDP.MKTP.CD,GDP (current US$),2011,368881143635.126,2026-04-15 23:34:52.110433
ARE,United Arab Emirates,NY.GDP.MKTP.CD,GDP (current US$),2010,307736419332.88,2026-04-15 23:34:52.110433
ARE,United Arab Emirates,NY.GDP.MKTP.CD,GDP (current US$),2009,253547358747.447,2026-04-15 23:34:52.110433
ARE,United Arab Emirates,NY.GDP.MKTP.CD,GDP (current US$),2008,315474615738.598,2026-04-15 23:34:52.110433
ARE,United Arab Emirates,NY.GDP.MKTP.CD,GDP (current US$),2007,257916133424.098,2026-04-15 23:34:52.110433
ARE,United Arab Emirates,NY.GDP.MKTP.CD,GDP (current US$),2006,222116541865.214,2026-04-15 23:34:52.110433
ARE,United Arab Emirates,NY.GDP.MKTP.CD,GDP (current US$),2005,180617467964.602,2026-04-15 23:34:52.110433
ARE,United Arab Emirates,NY.GDP.MKTP.CD,GDP (current US$),2004,147824370319.946,2026-04-15 23:34:52.110433
ARE,United Arab Emirates,NY.GDP.MKTP.CD,GDP (current US$),2003,124346358066.712,2026-04-15 23:34:52.110433
ARE,United Arab Emirates,NY.GDP.MKTP.CD,GDP (current US$),2002,109816201497.617,2026-04-15 23:34:52.110433
ARE,United Arab Emirates,NY.GDP.MKTP.CD,GDP (current US$),2001,103311640571.818,2026-04-15 23:34:52.110433
ARE,United Arab Emirates,NY.GDP.MKTP.CD,GDP (current US$),2000,104337372362.151,2026-04-15 23:34:52.110433
ARE,United Arab Emirates,NY.GDP.MKTP.CD,GDP (current US$),1999,84445473110.9598,2026-04-15 23:34:52.110433
ARE,United Arab Emirates,NY.GDP.MKTP.CD,GDP (current US$),1998,75674336283.1858,2026-04-15 23:34:52.110433
ARE,United Arab Emirates,NY.GDP.MKTP.CD,GDP (current US$),1997,78839008444.5655,2026-04-15 23:34:52.110433
ARE,United Arab Emirates,NY.GDP.MKTP.CD,GDP (current US$),1996,73571233996.1863,2026-04-15 23:34:52.110433
ARE,United Arab Emirates,NY.GDP.MKTP.CD,GDP (current US$),1995,65743666575.8649,2026-04-15 23:34:52.110433
ARE,United Arab Emirates,NY.GDP.MKTP.CD,GDP (current US$),1994,59305093979.842,2026-04-15 23:34:52.110433
ARE,United Arab Emirates,NY.GDP.MKTP.CD,GDP (current US$),1993,55625170253.337,2026-04-15 23:34:52.110433
ARE,United Arab Emirates,NY.GDP.MKTP.CD,GDP (current US$),1992,54239171887.769,2026-04-15 23:34:52.110433
ARE,United Arab Emirates,NY.GDP.MKTP.CD,GDP (current US$),1991,51552165622.4462,2026-04-15 23:34:52.110433
ARE,United Arab Emirates,NY.GDP.MKTP.CD,GDP (current US$),1990,50701443748.2975,2026-04-15 23:34:52.110433
ARE,United Arab Emirates,NY.GDP.MKTP.CD,GDP (current US$),1989,41464995913.9199,2026-04-15 23:34:52.110433
ARE,United Arab Emirates,NY.GDP.MKTP.CD,GDP (current US$),1988,36275674203.2144,2026-04-15 23:34:52.110433
ARE,United Arab Emirates,NY.GDP.MKTP.CD,GDP (current US$),1987,36384908744.2114,2026-04-15 23:34:52.110433
ARE,United Arab Emirates,NY.GDP.MKTP.CD,GDP (current US$),1986,33943612094.7971,2026-04-15 23:34:52.110433
ARE,United Arab Emirates,NY.GDP.MKTP.CD,GDP (current US$),1985,40603650231.5445,2026-04-15 23:34:52.110433
ARE,United Arab Emirates,NY.GDP.MKTP.CD,GDP (current US$),1984,41807954235.903,2026-04-15 23:34:52.110433
ARE,United Arab Emirates,NY.GDP.MKTP.CD,GDP (current US$),1983,42803323345.1376,2026-04-15 23:34:52.110433
ARE,United Arab Emirates,NY.GDP.MKTP.CD,GDP (current US$),1982,46622718605.2847,2026-04-15 23:34:52.110433
ARE,United Arab Emirates,NY.GDP.MKTP.CD,GDP (current US$),1981,49333424135.1131,2026-04-15 23:34:52.110433
ARE,United Arab Emirates,NY.GDP.MKTP.CD,GDP (current US$),1980,43599160050.3322,2026-04-15 23:34:52.110433
ARE,United Arab Emirates,NY.GDP.MKTP.CD,GDP (current US$),1979,31225659620.9951,2026-04-15 23:34:52.110433
ARE,United Arab Emirates,NY.GDP.MKTP.CD,GDP (current US$),1978,23775764224.6832,2026-04-15 23:34:52.110433
ARE,United Arab Emirates,NY.GDP.MKTP.CD,GDP (current US$),1977,24871775164.6043,2026-04-15 23:34:52.110433
ARE,United Arab Emirates,NY.GDP.MKTP.CD,GDP (current US$),1976,19213158778.7928,2026-04-15 23:34:52.110433
ARE,United Arab Emirates,NY.GDP.MKTP.CD,GDP (current US$),1975,14720728248.5355,2026-04-15 23:34:52.110433
ARE,United Arab Emirates,NY.GDP.MKTP.CD,GDP (current US$),1974,11651505689.4244,2026-04-15 23:34:52.110433
ARE,United Arab Emirates,NY.GDP.MKTP.CD,GDP (current US$),1973,4231243615.86089,2026-04-15 23:34:52.110433
ARE,United Arab Emirates,NY.GDP.MKTP.CD,GDP (current US$),1972,1415086929.3006,2026-04-15 23:34:52.110433
ARE,United Arab Emirates,NY.GDP.MKTP.CD,GDP (current US$),1971,939893599.634201,2026-04-15 23:34:52.110433
ARE,United Arab Emirates,NY.GDP.MKTP.CD,GDP (current US$),1970,685986701.316701,2026-04-15 23:34:52.110433
ARE,United Arab Emirates,SL.UEM.TOTL.ZS,"Unemployment, total (% of total labor force) (modeled ILO estimate)",2025,2.174,2026-04-15 23:34:53.417929
ARE,United Arab Emirates,SL.UEM.TOTL.ZS,"Unemployment, total (% of total labor force) (modeled ILO estimate)",2024,2.16,2026-04-15 23:34:53.417929
ARE,United Arab Emirates,SL.UEM.TOTL.ZS,"Unemployment, total (% of total labor force) (modeled ILO estimate)",2023,2.151,2026-04-15 23:34:53.418843
ARE,United Arab Emirates,SL.UEM.TOTL.ZS,"Unemployment, total (% of total labor force) (modeled ILO estimate)",2022,2.872,2026-04-15 23:34:53.418843
ARE,United Arab Emirates,SL.UEM.TOTL.ZS,"Unemployment, total (% of total labor force) (modeled ILO estimate)",2021,3.105,2026-04-15 23:34:53.418843
ARE,United Arab Emirates,SL.UEM.TOTL.ZS,"Unemployment, total (% of total labor force) (modeled ILO estimate)",2020,4.294,2026-04-15 23:34:53.418843
ARE,United Arab Emirates,SL.UEM.TOTL.ZS,"Unemployment, total (% of total labor force) (modeled ILO estimate)",2019,2.331,2026-04-15 23:34:53.418843
ARE,United Arab Emirates,SL.UEM.TOTL.ZS,"Unemployment, total (% of total labor force) (modeled ILO estimate)",2018,2.236,2026-04-15 23:34:53.418843
ARE,United Arab Emirates,SL.UEM.TOTL.ZS,"Unemployment, total (% of total labor force) (modeled ILO estimate)",2017,2.462,2026-04-15 23:34:53.418843
ARE,United Arab Emirates,SL.UEM.TOTL.ZS,"Unemployment, total (% of total labor force) (modeled ILO estimate)",2016,1.64,2026-04-15 23:34:53.418843
ARE,United Arab Emirates,SL.UEM.TOTL.ZS,"Unemployment, total (% of total labor force) (modeled ILO estimate)",2015,1.793,2026-04-15 23:34:53.418843
ARE,United Arab Emirates,SL.UEM.TOTL.ZS,"Unemployment, total (% of total labor force) (modeled ILO estimate)",2014,1.999,2026-04-15 23:34:53.418843
ARE,United Arab Emirates,SL.UEM.TOTL.ZS,"Unemployment, total (% of total labor force) (modeled ILO estimate)",2013,2.125,2026-04-15 23:34:53.418843
ARE,United Arab Emirates,SL.UEM.TOTL.ZS,"Unemployment, total (% of total labor force) (modeled ILO estimate)",2012,2.323,2026-04-15 23:34:53.418843
ARE,United Arab Emirates,SL.UEM.TOTL.ZS,"Unemployment, total (% of total labor force) (modeled ILO estimate)",2011,2.587,2026-04-15 23:34:53.418843
ARE,United Arab Emirates,SL.UEM.TOTL.ZS,"Unemployment, total (% of total labor force) (modeled ILO estimate)",2010,2.798,2026-04-15 23:34:53.418843
ARE,United Arab Emirates,SL.UEM.TOTL.ZS,"Unemployment, total (% of total labor force) (modeled ILO estimate)",2009,2.932,2026-04-15 23:34:53.418843
ARE,United Arab Emirates,SL.UEM.TOTL.ZS,"Unemployment, total (% of total labor force) (modeled ILO estimate)",2008,2.818,2026-04-15 23:34:53.418843
ARE,United Arab Emirates,SL.UEM.TOTL.ZS,"Unemployment, total (% of total labor force) (modeled ILO estimate)",2007,2.934,2026-04-15 23:34:53.418843
ARE,United Arab Emirates,SL.UEM.TOTL.ZS,"Unemployment, total (% of total labor force) (modeled ILO estimate)",2006,2.964,2026-04-15 23:34:53.418843
ARE,United Arab Emirates,SL.UEM.TOTL.ZS,"Unemployment, total (% of total labor force) (modeled ILO estimate)",2005,3.12,2026-04-15 23:34:53.418843
ARE,United Arab Emirates,SL.UEM.TOTL.ZS,"Unemployment, total (% of total labor force) (modeled ILO estimate)",2004,2.965,2026-04-15 23:34:53.418843
ARE,United Arab Emirates,SL.UEM.TOTL.ZS,"Unemployment, total (% of total labor force) (modeled ILO estimate)",2003,2.903,2026-04-15 23:34:53.418843
ARE,United Arab Emirates,SL.UEM.TOTL.ZS,"Unemployment, total (% of total labor force) (modeled ILO estimate)",2002,2.659,2026-04-15 23:34:53.418843
ARE,United Arab Emirates,SL.UEM.TOTL.ZS,"Unemployment, total (% of total labor force) (modeled ILO estimate)",2001,2.443,2026-04-15 23:34:53.418843
ARE,United Arab Emirates,SL.UEM.TOTL.ZS,"Unemployment, total (% of total labor force) (modeled ILO estimate)",2000,2.25,2026-04-15 23:34:53.418843
ARE,United Arab Emirates,SL.UEM.TOTL.ZS,"Unemployment, total (% of total labor force) (modeled ILO estimate)",1999,2.195,2026-04-15 23:34:53.418843
ARE,United Arab Emirates,SL.UEM.TOTL.ZS,"Unemployment, total (% of total labor force) (modeled ILO estimate)",1998,2.068,2026-04-15 23:34:53.418843
ARE,United Arab Emirates,SL.UEM.TOTL.ZS,"Unemployment, total (% of total labor force) (modeled ILO estimate)",1997,1.906,2026-04-15 23:34:53.418843
ARE,United Arab Emirates,SL.UEM.TOTL.ZS,"Unemployment, total (% of total labor force) (modeled ILO estimate)",1996,1.836,2026-04-15 23:34:53.418843
ARE,United Arab Emirates,SL.UEM.TOTL.ZS,"Unemployment, total (% of total labor force) (modeled ILO estimate)",1995,1.8,2026-04-15 23:34:53.418843
ARE,United Arab Emirates,SL.UEM.TOTL.ZS,"Unemployment, total (% of total labor force) (modeled ILO estimate)",1994,1.834,2026-04-15 23:34:53.418843
ARE,United Arab Emirates,SL.UEM.TOTL.ZS,"Unemployment, total (% of total labor force) (modeled ILO estimate)",1993,1.901,2026-04-15 23:34:53.418843
ARE,United Arab Emirates,SL.UEM.TOTL.ZS,"Unemployment, total (% of total labor force) (modeled ILO estimate)",1992,1.715,2026-04-15 23:34:53.418843
ARE,United Arab Emirates,SL.UEM.TOTL.ZS,"Unemployment, total (% of total labor force) (modeled ILO estimate)",1991,1.629,2026-04-15 23:34:53.418843
ARE,United Arab Emirates,FP.CPI.TOTL.ZG,"Inflation, consumer prices (annual %)",2024,1.66336510224894,2026-04-15 23:34:54.749356
ARE,United Arab Emirates,FP.CPI.TOTL.ZG,"Inflation, consumer prices (annual %)",2023,1.62670837213248,2026-04-15 23:34:54.749356
ARE,United Arab Emirates,FP.CPI.TOTL.ZG,"Inflation, consumer prices (annual %)",2022,5.29122604376849,2026-04-15 23:34:54.749356
ARE,United Arab Emirates,FP.CPI.TOTL.ZG,"Inflation, consumer prices (annual %)",2021,0.179935336174431,2026-04-15 23:34:54.749356
ARE,United Arab Emirates,FP.CPI.TOTL.ZG,"Inflation, consumer prices (annual %)",2020,-2.07940317940943,2026-04-15 23:34:54.749356
ARE,United Arab Emirates,FP.CPI.TOTL.ZG,"Inflation, consumer prices (annual %)",2019,-1.93108114782172,2026-04-15 23:34:54.749356
ARE,United Arab Emirates,FP.CPI.TOTL.ZG,"Inflation, consumer prices (annual %)",2018,3.06863379251996,2026-04-15 23:34:54.749356
ARE,United Arab Emirates,FP.CPI.TOTL.ZG,"Inflation, consumer prices (annual %)",2017,1.96682557818842,2026-04-15 23:34:54.749356
ARE,United Arab Emirates,FP.CPI.TOTL.ZG,"Inflation, consumer prices (annual %)",2016,1.61748808904197,2026-04-15 23:34:54.749356
ARE,United Arab Emirates,FP.CPI.TOTL.ZG,"Inflation, consumer prices (annual %)",2015,4.06996608361593,2026-04-15 23:34:54.749356
ARE,United Arab Emirates,FP.CPI.TOTL.ZG,"Inflation, consumer prices (annual %)",2014,2.34626865671642,2026-04-15 23:34:54.749356
ARE,United Arab Emirates,FP.CPI.TOTL.ZG,"Inflation, consumer prices (annual %)",2013,1.1011183637571,2026-04-15 23:34:54.749356
ARE,United Arab Emirates,FP.CPI.TOTL.ZG,"Inflation, consumer prices (annual %)",2012,0.662268900269008,2026-04-15 23:34:54.749356
ARE,United Arab Emirates,FP.CPI.TOTL.ZG,"Inflation, consumer prices (annual %)",2011,0.87734659568512,2026-04-15 23:34:54.749356
ARE,United Arab Emirates,FP.CPI.TOTL.ZG,"Inflation, consumer prices (annual %)",2010,0.877983288285867,2026-04-15 23:34:54.749356
ARE,United Arab Emirates,FP.CPI.TOTL.ZG,"Inflation, consumer prices (annual %)",2009,1.5618131744907,2026-04-15 23:34:54.749356
ARE,United Arab Emirates,FP.CPI.TOTL.ZG,"Inflation, consumer prices (annual %)",2008,12.2504202448139,2026-04-15 23:34:54.749356
QAT,Qatar,NY.GDP.MKTP.CD,GDP (current US$),2024,219162637362.637,2026-04-15 23:34:56.362824
QAT,Qatar,NY.GDP.MKTP.CD,GDP (current US$),2023,217308516483.516,2026-04-15 23:34:56.362824
QAT,Qatar,NY.GDP.MKTP.CD,GDP (current US$),2022,235709340659.341,2026-04-15 23:34:56.362824
QAT,Qatar,NY.GDP.MKTP.CD,GDP (current US$),2021,179732142857.143,2026-04-15 23:34:56.362824
QAT,Qatar,NY.GDP.MKTP.CD,GDP (current US$),2020,144411538461.538,2026-04-15 23:34:56.362824
QAT,Qatar,NY.GDP.MKTP.CD,GDP (current US$),2019,176371428571.429,2026-04-15 23:34:56.362824
QAT,Qatar,NY.GDP.MKTP.CD,GDP (current US$),2018,183335164835.165,2026-04-15 23:34:56.362824
QAT,Qatar,NY.GDP.MKTP.CD,GDP (current US$),2017,161099175824.176,2026-04-15 23:34:56.362824
QAT,Qatar,NY.GDP.MKTP.CD,GDP (current US$),2016,151732142857.143,2026-04-15 23:34:56.362824
QAT,Qatar,NY.GDP.MKTP.CD,GDP (current US$),2015,161739835164.835,2026-04-15 23:34:56.362824
QAT,Qatar,NY.GDP.MKTP.CD,GDP (current US$),2014,206224725274.725,2026-04-15 23:34:56.362824
QAT,Qatar,NY.GDP.MKTP.CD,GDP (current US$),2013,198727747252.747,2026-04-15 23:34:56.362824
QAT,Qatar,NY.GDP.MKTP.CD,GDP (current US$),2012,186833516483.516,2026-04-15 23:34:56.362824
QAT,Qatar,NY.GDP.MKTP.CD,GDP (current US$),2011,167775274725.275,2026-04-15 23:34:56.362824
QAT,Qatar,NY.GDP.MKTP.CD,GDP (current US$),2010,123627197802.198,2026-04-15 23:34:56.362824
QAT,Qatar,NY.GDP.MKTP.CD,GDP (current US$),2009,97798351648.3516,2026-04-15 23:34:56.362824
QAT,Qatar,NY.GDP.MKTP.CD,GDP (current US$),2008,115270054945.055,2026-04-15 23:34:56.362824
QAT,Qatar,NY.GDP.MKTP.CD,GDP (current US$),2007,79712087912.0879,2026-04-15 23:34:56.362824
QAT,Qatar,NY.GDP.MKTP.CD,GDP (current US$),2006,60882142857.1429,2026-04-15 23:34:56.362824
QAT,Qatar,NY.GDP.MKTP.CD,GDP (current US$),2005,44530494505.4945,2026-04-15 23:34:56.362824
QAT,Qatar,NY.GDP.MKTP.CD,GDP (current US$),2004,31734065934.0659,2026-04-15 23:34:56.362824
QAT,Qatar,NY.GDP.MKTP.CD,GDP (current US$),2003,23533791208.7912,2026-04-15 23:34:56.362824
QAT,Qatar,NY.GDP.MKTP.CD,GDP (current US$),2002,19363736263.7363,2026-04-15 23:34:56.363666
QAT,Qatar,NY.GDP.MKTP.CD,GDP (current US$),2001,17538461538.4615,2026-04-15 23:34:56.363666
QAT,Qatar,NY.GDP.MKTP.CD,GDP (current US$),2000,17759890109.8901,2026-04-15 23:34:56.363666
QAT,Qatar,NY.GDP.MKTP.CD,GDP (current US$),1999,12393131868.1319,2026-04-15 23:34:56.363666
QAT,Qatar,NY.GDP.MKTP.CD,GDP (current US$),1998,10255495027.4725,2026-04-15 23:34:56.363666
QAT,Qatar,NY.GDP.MKTP.CD,GDP (current US$),1997,11297802115.3846,2026-04-15 23:34:56.363768
QAT,Qatar,NY.GDP.MKTP.CD,GDP (current US$),1996,9059340384.61539,2026-04-15 23:34:56.363768
QAT,Qatar,NY.GDP.MKTP.CD,GDP (current US$),1995,8137911978.02198,2026-04-15 23:34:56.363768
QAT,Qatar,NY.GDP.MKTP.CD,GDP (current US$),1994,7374450769.23077,2026-04-15 23:34:56.363768
QAT,Qatar,NY.GDP.MKTP.CD,GDP (current US$),1993,7156593653.84615,2026-04-15 23:34:56.363768
QAT,Qatar,NY.GDP.MKTP.CD,GDP (current US$),1992,7646153983.51648,2026-04-15 23:34:56.363768
QAT,Qatar,NY.GDP.MKTP.CD,GDP (current US$),1991,6883516483.51648,2026-04-15 23:34:56.363768
QAT,Qatar,NY.GDP.MKTP.CD,GDP (current US$),1990,7360439423.07692,2026-04-15 23:34:56.363768
QAT,Qatar,NY.GDP.MKTP.CD,GDP (current US$),1989,6487912087.91209,2026-04-15 23:34:56.363768
QAT,Qatar,NY.GDP.MKTP.CD,GDP (current US$),1988,6038187032.96703,2026-04-15 23:34:56.363768
QAT,Qatar,NY.GDP.MKTP.CD,GDP (current US$),1987,5446428681.31868,2026-04-15 23:34:56.363768
QAT,Qatar,NY.GDP.MKTP.CD,GDP (current US$),1986,5053021950.54945,2026-04-15 23:34:56.363768
QAT,Qatar,NY.GDP.MKTP.CD,GDP (current US$),1985,6153296456.04396,2026-04-15 23:34:56.363768
QAT,Qatar,NY.GDP.MKTP.CD,GDP (current US$),1984,6704395824.17582,2026-04-15 23:34:56.363768
QAT,Qatar,NY.GDP.MKTP.CD,GDP (current US$),1983,6467582307.69231,2026-04-15 23:34:56.363768
QAT,Qatar,NY.GDP.MKTP.CD,GDP (current US$),1982,7596703214.28571,2026-04-15 23:34:56.363768
QAT,Qatar,NY.GDP.MKTP.CD,GDP (current US$),1981,8661263763.73626,2026-04-15 23:34:56.363768
QAT,Qatar,NY.GDP.MKTP.CD,GDP (current US$),1980,7829165261.81396,2026-04-15 23:34:56.363768
QAT,Qatar,NY.GDP.MKTP.CD,GDP (current US$),1979,5632962996.82641,2026-04-15 23:34:56.363768
QAT,Qatar,NY.GDP.MKTP.CD,GDP (current US$),1978,4052000412.70087,2026-04-15 23:34:56.363768
QAT,Qatar,NY.GDP.MKTP.CD,GDP (current US$),1977,3617564637.88865,2026-04-15 23:34:56.363768
QAT,Qatar,NY.GDP.MKTP.CD,GDP (current US$),1976,3284273986.71808,2026-04-15 23:34:56.363768
QAT,Qatar,NY.GDP.MKTP.CD,GDP (current US$),1975,2512773165.81173,2026-04-15 23:34:56.363768
QAT,Qatar,NY.GDP.MKTP.CD,GDP (current US$),1974,2401403227.44085,2026-04-15 23:34:56.363768
QAT,Qatar,NY.GDP.MKTP.CD,GDP (current US$),1973,793885559.971313,2026-04-15 23:34:56.363768
QAT,Qatar,NY.GDP.MKTP.CD,GDP (current US$),1972,510262500.1767,2026-04-15 23:34:56.363768
QAT,Qatar,NY.GDP.MKTP.CD,GDP (current US$),1971,387703105.521252,2026-04-15 23:34:56.363768
QAT,Qatar,NY.GDP.MKTP.CD,GDP (current US$),1970,301791301.791302,2026-04-15 23:34:56.363768
QAT,Qatar,SL.UEM.TOTL.ZS,"Unemployment, total (% of total labor force) (modeled ILO estimate)",2025,0.13,2026-04-15 23:34:57.687073
QAT,Qatar,SL.UEM.TOTL.ZS,"Unemployment, total (% of total labor force) (modeled ILO estimate)",2024,0.13,2026-04-15 23:34:57.687073
QAT,Qatar,SL.UEM.TOTL.ZS,"Unemployment, total (% of total labor force) (modeled ILO estimate)",2023,0.13,2026-04-15 23:34:57.687073
QAT,Qatar,SL.UEM.TOTL.ZS,"Unemployment, total (% of total labor force) (modeled ILO estimate)",2022,0.13,2026-04-15 23:34:57.687073
QAT,Qatar,SL.UEM.TOTL.ZS,"Unemployment, total (% of total labor force) (modeled ILO estimate)",2021,0.14,2026-04-15 23:34:57.687073
QAT,Qatar,SL.UEM.TOTL.ZS,"Unemployment, total (% of total labor force) (modeled ILO estimate)",2020,0.14,2026-04-15 23:34:57.687073
QAT,Qatar,SL.UEM.TOTL.ZS,"Unemployment, total (% of total labor force) (modeled ILO estimate)",2019,0.1,2026-04-15 23:34:57.687073
QAT,Qatar,SL.UEM.TOTL.ZS,"Unemployment, total (% of total labor force) (modeled ILO estimate)",2018,0.11,2026-04-15 23:34:57.687073
QAT,Qatar,SL.UEM.TOTL.ZS,"Unemployment, total (% of total labor force) (modeled ILO estimate)",2017,0.14,2026-04-15 23:34:57.687073
QAT,Qatar,SL.UEM.TOTL.ZS,"Unemployment, total (% of total labor force) (modeled ILO estimate)",2016,0.15,2026-04-15 23:34:57.687073
QAT,Qatar,SL.UEM.TOTL.ZS,"Unemployment, total (% of total labor force) (modeled ILO estimate)",2015,0.17,2026-04-15 23:34:57.687073
QAT,Qatar,SL.UEM.TOTL.ZS,"Unemployment, total (% of total labor force) (modeled ILO estimate)",2014,0.2,2026-04-15 23:34:57.687073
QAT,Qatar,SL.UEM.TOTL.ZS,"Unemployment, total (% of total labor force) (modeled ILO estimate)",2013,0.28,2026-04-15 23:34:57.687073
QAT,Qatar,SL.UEM.TOTL.ZS,"Unemployment, total (% of total labor force) (modeled ILO estimate)",2012,0.48,2026-04-15 23:34:57.687073
QAT,Qatar,SL.UEM.TOTL.ZS,"Unemployment, total (% of total labor force) (modeled ILO estimate)",2011,0.56,2026-04-15 23:34:57.687073
QAT,Qatar,SL.UEM.TOTL.ZS,"Unemployment, total (% of total labor force) (modeled ILO estimate)",2010,0.45,2026-04-15 23:34:57.687073
QAT,Qatar,SL.UEM.TOTL.ZS,"Unemployment, total (% of total labor force) (modeled ILO estimate)",2009,0.31,2026-04-15 23:34:57.687073
QAT,Qatar,SL.UEM.TOTL.ZS,"Unemployment, total (% of total labor force) (modeled ILO estimate)",2008,0.31,2026-04-15 23:34:57.687073
QAT,Qatar,SL.UEM.TOTL.ZS,"Unemployment, total (% of total labor force) (modeled ILO estimate)",2007,0.52,2026-04-15 23:34:57.687073
QAT,Qatar,SL.UEM.TOTL.ZS,"Unemployment, total (% of total labor force) (modeled ILO estimate)",2006,0.87,2026-04-15 23:34:57.687073
QAT,Qatar,SL.UEM.TOTL.ZS,"Unemployment, total (% of total labor force) (modeled ILO estimate)",2005,0.87,2026-04-15 23:34:57.687073
QAT,Qatar,SL.UEM.TOTL.ZS,"Unemployment, total (% of total labor force) (modeled ILO estimate)",2004,0.87,2026-04-15 23:34:57.687073
QAT,Qatar,SL.UEM.TOTL.ZS,"Unemployment, total (% of total labor force) (modeled ILO estimate)",2003,0.87,2026-04-15 23:34:57.687073
QAT,Qatar,SL.UEM.TOTL.ZS,"Unemployment, total (% of total labor force) (modeled ILO estimate)",2002,0.87,2026-04-15 23:34:57.687073
QAT,Qatar,SL.UEM.TOTL.ZS,"Unemployment, total (% of total labor force) (modeled ILO estimate)",2001,0.87,2026-04-15 23:34:57.687073
QAT,Qatar,SL.UEM.TOTL.ZS,"Unemployment, total (% of total labor force) (modeled ILO estimate)",2000,0.87,2026-04-15 23:34:57.687073
QAT,Qatar,SL.UEM.TOTL.ZS,"Unemployment, total (% of total labor force) (modeled ILO estimate)",1999,0.87,2026-04-15 23:34:57.687073
QAT,Qatar,SL.UEM.TOTL.ZS,"Unemployment, total (% of total labor force) (modeled ILO estimate)",1998,0.87,2026-04-15 23:34:57.687073
QAT,Qatar,SL.UEM.TOTL.ZS,"Unemployment, total (% of total labor force) (modeled ILO estimate)",1997,0.87,2026-04-15 23:34:57.687073
QAT,Qatar,SL.UEM.TOTL.ZS,"Unemployment, total (% of total labor force) (modeled ILO estimate)",1996,0.87,2026-04-15 23:34:57.687073
QAT,Qatar,SL.UEM.TOTL.ZS,"Unemployment, total (% of total labor force) (modeled ILO estimate)",1995,0.87,2026-04-15 23:34:57.687073
QAT,Qatar,SL.UEM.TOTL.ZS,"Unemployment, total (% of total labor force) (modeled ILO estimate)",1994,0.87,2026-04-15 23:34:57.687073
QAT,Qatar,SL.UEM.TOTL.ZS,"Unemployment, total (% of total labor force) (modeled ILO estimate)",1993,0.87,2026-04-15 23:34:57.687073
QAT,Qatar,SL.UEM.TOTL.ZS,"Unemployment, total (% of total labor force) (modeled ILO estimate)",1992,0.87,2026-04-15 23:34:57.687073
QAT,Qatar,SL.UEM.TOTL.ZS,"Unemployment, total (% of total labor force) (modeled ILO estimate)",1991,0.87,2026-04-15 23:34:57.687073
QAT,Qatar,FP.CPI.TOTL.ZG,"Inflation, consumer prices (annual %)",2024,1.26734310292375,2026-04-15 23:34:58.984053
QAT,Qatar,FP.CPI.TOTL.ZG,"Inflation, consumer prices (annual %)",2023,3.02764899198902,2026-04-15 23:34:58.984053
QAT,Qatar,FP.CPI.TOTL.ZG,"Inflation, consumer prices (annual %)",2022,4.99527553740761,2026-04-15 23:34:58.984053
QAT,Qatar,FP.CPI.TOTL.ZG,"Inflation, consumer prices (annual %)",2021,2.30446565742003,2026-04-15 23:34:58.984053
QAT,Qatar,FP.CPI.TOTL.ZG,"Inflation, consumer prices (annual %)",2020,-2.5403150300476,2026-04-15 23:34:58.984053
QAT,Qatar,FP.CPI.TOTL.ZG,"Inflation, consumer prices (annual %)",2019,-0.666641124861147,2026-04-15 23:34:58.984053
QAT,Qatar,FP.CPI.TOTL.ZG,"Inflation, consumer prices (annual %)",2018,0.255815382724408,2026-04-15 23:34:58.984053
QAT,Qatar,FP.CPI.TOTL.ZG,"Inflation, consumer prices (annual %)",2017,0.394878914083005,2026-04-15 23:34:58.984053
QAT,Qatar,FP.CPI.TOTL.ZG,"Inflation, consumer prices (annual %)",2016,2.6765917009819,2026-04-15 23:34:58.984053
QAT,Qatar,FP.CPI.TOTL.ZG,"Inflation, consumer prices (annual %)",2015,1.8140772393776,2026-04-15 23:34:58.984053
QAT,Qatar,FP.CPI.TOTL.ZG,"Inflation, consumer prices (annual %)",2014,3.34972085659523,2026-04-15 23:34:58.984053
QAT,Qatar,FP.CPI.TOTL.ZG,"Inflation, consumer prices (annual %)",2013,3.22197756829293,2026-04-15 23:34:58.984053
QAT,Qatar,FP.CPI.TOTL.ZG,"Inflation, consumer prices (annual %)",2012,2.31534853431661,2026-04-15 23:34:58.984053
QAT,Qatar,FP.CPI.TOTL.ZG,"Inflation, consumer prices (annual %)",2011,1.13836623529202,2026-04-15 23:34:58.984053
QAT,Qatar,FP.CPI.TOTL.ZG,"Inflation, consumer prices (annual %)",2010,-2.42525675161714,2026-04-15 23:34:58.984053
QAT,Qatar,FP.CPI.TOTL.ZG,"Inflation, consumer prices (annual %)",2009,-4.86327801622565,2026-04-15 23:34:58.984053
QAT,Qatar,FP.CPI.TOTL.ZG,"Inflation, consumer prices (annual %)",2008,15.0501451570333,2026-04-15 23:34:58.984053
QAT,Qatar,FP.CPI.TOTL.ZG,"Inflation, consumer prices (annual %)",2007,13.7581625759964,2026-04-15 23:34:58.984053
QAT,Qatar,FP.CPI.TOTL.ZG,"Inflation, consumer prices (annual %)",2006,11.8358096197431,2026-04-15 23:34:58.984053
QAT,Qatar,FP.CPI.TOTL.ZG,"Inflation, consumer prices (annual %)",2005,8.81439532334683,2026-04-15 23:34:58.984053
QAT,Qatar,FP.CPI.TOTL.ZG,"Inflation, consumer prices (annual %)",2004,6.79933665008279,2026-04-15 23:34:58.984053
QAT,Qatar,FP.CPI.TOTL.ZG,"Inflation, consumer prices (annual %)",2003,2.26456504389469,2026-04-15 23:34:58.984053
QAT,Qatar,FP.CPI.TOTL.ZG,"Inflation, consumer prices (annual %)",2002,0.239999999999952,2026-04-15 23:34:58.984053
QAT,Qatar,FP.CPI.TOTL.ZG,"Inflation, consumer prices (annual %)",2001,1.47133434804683,2026-04-15 23:34:58.984053
QAT,Qatar,FP.CPI.TOTL.ZG,"Inflation, consumer prices (annual %)",2000,1.65033522434232,2026-04-15 23:34:58.984053
QAT,Qatar,FP.CPI.TOTL.ZG,"Inflation, consumer prices (annual %)",1999,2.18170320404723,2026-04-15 23:34:58.984053
QAT,Qatar,FP.CPI.TOTL.ZG,"Inflation, consumer prices (annual %)",1998,2.9513888888889,2026-04-15 23:34:58.984053
QAT,Qatar,FP.CPI.TOTL.ZG,"Inflation, consumer prices (annual %)",1997,4.83448981913322,2026-04-15 23:34:58.984053
QAT,Qatar,FP.CPI.TOTL.ZG,"Inflation, consumer prices (annual %)",1996,4.90453460620532,2026-04-15 23:34:58.984053
QAT,Qatar,FP.CPI.TOTL.ZG,"Inflation, consumer prices (annual %)",1995,2.9565217391303,2026-04-15 23:34:58.984053
QAT,Qatar,FP.CPI.TOTL.ZG,"Inflation, consumer prices (annual %)",1994,1.32158590308376,2026-04-15 23:34:58.984053
QAT,Qatar,FP.CPI.TOTL.ZG,"Inflation, consumer prices (annual %)",1993,-0.8733624454148,2026-04-15 23:34:58.984053
QAT,Qatar,FP.CPI.TOTL.ZG,"Inflation, consumer prices (annual %)",1992,3.06030603060311,2026-04-15 23:34:58.984053
QAT,Qatar,FP.CPI.TOTL.ZG,"Inflation, consumer prices (annual %)",1991,4.41729323308255,2026-04-15 23:34:58.984053
QAT,Qatar,FP.CPI.TOTL.ZG,"Inflation, consumer prices (annual %)",1990,3.0009680542111,2026-04-15 23:34:58.984053
QAT,Qatar,FP.CPI.TOTL.ZG,"Inflation, consumer prices (annual %)",1989,3.30000000000015,2026-04-15 23:34:58.984053
QAT,Qatar,FP.CPI.TOTL.ZG,"Inflation, consumer prices (annual %)",1988,4.60251046025085,2026-04-15 23:34:58.984053
QAT,Qatar,FP.CPI.TOTL.ZG,"Inflation, consumer prices (annual %)",1987,2.6852846401719,2026-04-15 23:34:58.984053
QAT,Qatar,FP.CPI.TOTL.ZG,"Inflation, consumer prices (annual %)",1986,0.757575757575709,2026-04-15 23:34:58.984053
QAT,Qatar,FP.CPI.TOTL.ZG,"Inflation, consumer prices (annual %)",1985,1.91256830693925,2026-04-15 23:34:58.984053
QAT,Qatar,FP.CPI.TOTL.ZG,"Inflation, consumer prices (annual %)",1984,1.10497237570068,2026-04-15 23:34:58.984053
QAT,Qatar,FP.CPI.TOTL.ZG,"Inflation, consumer prices (annual %)",1983,2.74361400094617,2026-04-15 23:34:58.984053
QAT,Qatar,FP.CPI.TOTL.ZG,"Inflation, consumer prices (annual %)",1982,5.69999999999979,2026-04-15 23:34:58.984053
QAT,Qatar,FP.CPI.TOTL.ZG,"Inflation, consumer prices (annual %)",1981,8.5205992510162,2026-04-15 23:34:58.984053
QAT,Qatar,FP.CPI.TOTL.ZG,"Inflation, consumer prices (annual %)",1980,6.79999999900022,2026-04-15 23:34:58.984053
KWT,Kuwait,NY.GDP.MKTP.CD,GDP (current US$),2024,160227273053.334,2026-04-15 23:35:00.318679
KWT,Kuwait,NY.GDP.MKTP.CD,GDP (current US$),2023,165384407116.233,2026-04-15 23:35:00.318679
KWT,Kuwait,NY.GDP.MKTP.CD,GDP (current US$),2022,183502046693.878,2026-04-15 23:35:00.318679
KWT,Kuwait,NY.GDP.MKTP.CD,GDP (current US$),2021,148350671489.144,2026-04-15 23:35:00.318679
KWT,Kuwait,NY.GDP.MKTP.CD,GDP (current US$),2020,111045470605.715,2026-04-15 23:35:00.318679
KWT,Kuwait,NY.GDP.MKTP.CD,GDP (current US$),2019,140856394860.529,2026-04-15 23:35:00.318679
KWT,Kuwait,NY.GDP.MKTP.CD,GDP (current US$),2018,138646316350.727,2026-04-15 23:35:00.318679
KWT,Kuwait,NY.GDP.MKTP.CD,GDP (current US$),2017,120687539805.505,2026-04-15 23:35:00.318679
KWT,Kuwait,NY.GDP.MKTP.CD,GDP (current US$),2016,109406674124.652,2026-04-15 23:35:00.318679
KWT,Kuwait,NY.GDP.MKTP.CD,GDP (current US$),2015,114585555688.511,2026-04-15 23:35:00.318679
KWT,Kuwait,NY.GDP.MKTP.CD,GDP (current US$),2014,162650450684.725,2026-04-15 23:35:00.318679
KWT,Kuwait,NY.GDP.MKTP.CD,GDP (current US$),2013,174168116534.844,2026-04-15 23:35:00.318679
KWT,Kuwait,NY.GDP.MKTP.CD,GDP (current US$),2012,174047662680.041,2026-04-15 23:35:00.318679
KWT,Kuwait,NY.GDP.MKTP.CD,GDP (current US$),2011,154039231245.856,2026-04-15 23:35:00.318679
KWT,Kuwait,NY.GDP.MKTP.CD,GDP (current US$),2010,115416245241.742,2026-04-15 23:35:00.318679
KWT,Kuwait,NY.GDP.MKTP.CD,GDP (current US$),2009,105968691905.415,2026-04-15 23:35:00.318679
KWT,Kuwait,NY.GDP.MKTP.CD,GDP (current US$),2008,147379737229.753,2026-04-15 23:35:00.318679
KWT,Kuwait,NY.GDP.MKTP.CD,GDP (current US$),2007,114634043361.692,2026-04-15 23:35:00.318679
KWT,Kuwait,NY.GDP.MKTP.CD,GDP (current US$),2006,101557330723.423,2026-04-15 23:35:00.318679
KWT,Kuwait,NY.GDP.MKTP.CD,GDP (current US$),2005,80798630136.9863,2026-04-15 23:35:00.318679
KWT,Kuwait,NY.GDP.MKTP.CD,GDP (current US$),2004,59439090600.6108,2026-04-15 23:35:00.318679
KWT,Kuwait,NY.GDP.MKTP.CD,GDP (current US$),2003,47874582231.588,2026-04-15 23:35:00.318679
KWT,Kuwait,NY.GDP.MKTP.CD,GDP (current US$),2002,38135788413.8276,2026-04-15 23:35:00.318679
KWT,Kuwait,NY.GDP.MKTP.CD,GDP (current US$),2001,34889559869.8326,2026-04-15 23:35:00.318679
KWT,Kuwait,NY.GDP.MKTP.CD,GDP (current US$),2000,37718743480.0751,2026-04-15 23:35:00.318679
KWT,Kuwait,NY.GDP.MKTP.CD,GDP (current US$),1999,30122365849.2518,2026-04-15 23:35:00.318679
KWT,Kuwait,NY.GDP.MKTP.CD,GDP (current US$),1998,25943705784.2996,2026-04-15 23:35:00.318679
KWT,Kuwait,NY.GDP.MKTP.CD,GDP (current US$),1997,30350190704.4361,2026-04-15 23:35:00.318679
KWT,Kuwait,NY.GDP.MKTP.CD,GDP (current US$),1996,31492373308.7516,2026-04-15 23:35:00.318679
KWT,Kuwait,NY.GDP.MKTP.CD,GDP (current US$),1995,27186980646.5448,2026-04-15 23:35:00.318679
KWT,Kuwait,NY.GDP.MKTP.CD,GDP (current US$),1994,24848483838.3838,2026-04-15 23:35:00.318679
KWT,Kuwait,NY.GDP.MKTP.CD,GDP (current US$),1993,23941391390.7285,2026-04-15 23:35:00.318679
KWT,Kuwait,NY.GDP.MKTP.CD,GDP (current US$),1992,19858555214.7239,2026-04-15 23:35:00.318679
KWT,Kuwait,NY.GDP.MKTP.CD,GDP (current US$),1991,11009993703.1474,2026-04-15 23:35:00.318679
KWT,Kuwait,NY.GDP.MKTP.CD,GDP (current US$),1990,18427777777.7778,2026-04-15 23:35:00.318679
KWT,Kuwait,NY.GDP.MKTP.CD,GDP (current US$),1989,24313855653.3993,2026-04-15 23:35:00.318679
KWT,Kuwait,NY.GDP.MKTP.CD,GDP (current US$),1988,20690322152.8945,2026-04-15 23:35:00.318679
KWT,Kuwait,NY.GDP.MKTP.CD,GDP (current US$),1987,22368704133.6668,2026-04-15 23:35:00.318679
KWT,Kuwait,NY.GDP.MKTP.CD,GDP (current US$),1986,17903989745.178,2026-04-15 23:35:00.318679
KWT,Kuwait,NY.GDP.MKTP.CD,GDP (current US$),1985,21445970613.7595,2026-04-15 23:35:00.318679
KWT,Kuwait,NY.GDP.MKTP.CD,GDP (current US$),1984,21700082752.9369,2026-04-15 23:35:00.318679
KWT,Kuwait,NY.GDP.MKTP.CD,GDP (current US$),1983,20871081080.1538,2026-04-15 23:35:00.318679
KWT,Kuwait,NY.GDP.MKTP.CD,GDP (current US$),1982,21577153356.4192,2026-04-15 23:35:00.318679
KWT,Kuwait,NY.GDP.MKTP.CD,GDP (current US$),1981,25058020338.2535,2026-04-15 23:35:00.318679
KWT,Kuwait,NY.GDP.MKTP.CD,GDP (current US$),1980,28638868355.9196,2026-04-15 23:35:00.318679
KWT,Kuwait,NY.GDP.MKTP.CD,GDP (current US$),1979,24749063922.4796,2026-04-15 23:35:00.318679
KWT,Kuwait,NY.GDP.MKTP.CD,GDP (current US$),1978,15503557496.1916,2026-04-15 23:35:00.318679
KWT,Kuwait,NY.GDP.MKTP.CD,GDP (current US$),1977,14137406740.5065,2026-04-15 23:35:00.318679
KWT,Kuwait,NY.GDP.MKTP.CD,GDP (current US$),1976,13132252801.9372,2026-04-15 23:35:00.318679
KWT,Kuwait,NY.GDP.MKTP.CD,GDP (current US$),1975,12022811620.7867,2026-04-15 23:35:00.318679
KWT,Kuwait,NY.GDP.MKTP.CD,GDP (current US$),1974,13006948296.2705,2026-04-15 23:35:00.318679
KWT,Kuwait,NY.GDP.MKTP.CD,GDP (current US$),1973,5408804607.3129,2026-04-15 23:35:00.318679
KWT,Kuwait,NY.GDP.MKTP.CD,GDP (current US$),1972,4450537925.33189,2026-04-15 23:35:00.318679
KWT,Kuwait,NY.GDP.MKTP.CD,GDP (current US$),1971,3880392195.40688,2026-04-15 23:35:00.318679
KWT,Kuwait,NY.GDP.MKTP.CD,GDP (current US$),1970,2873638850.54446,2026-04-15 23:35:00.318679
KWT,Kuwait,NY.GDP.MKTP.CD,GDP (current US$),1969,2769198892.32044,2026-04-15 23:35:00.318679
KWT,Kuwait,NY.GDP.MKTP.CD,GDP (current US$),1968,2662798934.88043,2026-04-15 23:35:00.318679
KWT,Kuwait,NY.GDP.MKTP.CD,GDP (current US$),1967,2441599023.36039,2026-04-15 23:35:00.318679
KWT,Kuwait,NY.GDP.MKTP.CD,GDP (current US$),1966,2391199043.52038,2026-04-15 23:35:00.318679
KWT,Kuwait,NY.GDP.MKTP.CD,GDP (current US$),1965,2097199161.12034,2026-04-15 23:35:00.318679
KWT,Kuwait,NY.GDP.MKTP.CD,GDP (current US$),1964,2071668533.03471,2026-04-15 23:35:00.318679
KWT,Kuwait,NY.GDP.MKTP.CD,GDP (current US$),1963,1900895856.66293,2026-04-15 23:35:00.318679
KWT,Kuwait,NY.GDP.MKTP.CD,GDP (current US$),1962,1828107502.79955,2026-04-15 23:35:00.318679
KWT,Kuwait,SL.UEM.TOTL.ZS,"Unemployment, total (% of total labor force) (modeled ILO estimate)",2025,2.181,2026-04-15 23:35:01.602488
KWT,Kuwait,SL.UEM.TOTL.ZS,"Unemployment, total (% of total labor force) (modeled ILO estimate)",2024,2.151,2026-04-15 23:35:01.602488
KWT,Kuwait,SL.UEM.TOTL.ZS,"Unemployment, total (% of total labor force) (modeled ILO estimate)",2023,2.08,2026-04-15 23:35:01.602488
KWT,Kuwait,SL.UEM.TOTL.ZS,"Unemployment, total (% of total labor force) (modeled ILO estimate)",2022,2.133,2026-04-15 23:35:01.602488
KWT,Kuwait,SL.UEM.TOTL.ZS,"Unemployment, total (% of total labor force) (modeled ILO estimate)",2021,2.97,2026-04-15 23:35:01.602488
KWT,Kuwait,SL.UEM.TOTL.ZS,"Unemployment, total (% of total labor force) (modeled ILO estimate)",2020,3.489,2026-04-15 23:35:01.602488
KWT,Kuwait,SL.UEM.TOTL.ZS,"Unemployment, total (% of total labor force) (modeled ILO estimate)",2019,2.213,2026-04-15 23:35:01.602488
KWT,Kuwait,SL.UEM.TOTL.ZS,"Unemployment, total (% of total labor force) (modeled ILO estimate)",2018,2.202,2026-04-15 23:35:01.602488
KWT,Kuwait,SL.UEM.TOTL.ZS,"Unemployment, total (% of total labor force) (modeled ILO estimate)",2017,2.23,2026-04-15 23:35:01.602488
KWT,Kuwait,SL.UEM.TOTL.ZS,"Unemployment, total (% of total labor force) (modeled ILO estimate)",2016,2.16,2026-04-15 23:35:01.602488
KWT,Kuwait,SL.UEM.TOTL.ZS,"Unemployment, total (% of total labor force) (modeled ILO estimate)",2015,2.2,2026-04-15 23:35:01.602488
KWT,Kuwait,SL.UEM.TOTL.ZS,"Unemployment, total (% of total labor force) (modeled ILO estimate)",2014,2.9,2026-04-15 23:35:01.602488
KWT,Kuwait,SL.UEM.TOTL.ZS,"Unemployment, total (% of total labor force) (modeled ILO estimate)",2013,2.465,2026-04-15 23:35:01.602488
KWT,Kuwait,SL.UEM.TOTL.ZS,"Unemployment, total (% of total labor force) (modeled ILO estimate)",2012,2.227,2026-04-15 23:35:01.602488
KWT,Kuwait,SL.UEM.TOTL.ZS,"Unemployment, total (% of total labor force) (modeled ILO estimate)",2011,2.051,2026-04-15 23:35:01.602488
KWT,Kuwait,SL.UEM.TOTL.ZS,"Unemployment, total (% of total labor force) (modeled ILO estimate)",2010,1.82,2026-04-15 23:35:01.602488
KWT,Kuwait,SL.UEM.TOTL.ZS,"Unemployment, total (% of total labor force) (modeled ILO estimate)",2009,1.64,2026-04-15 23:35:01.602488
KWT,Kuwait,SL.UEM.TOTL.ZS,"Unemployment, total (% of total labor force) (modeled ILO estimate)",2008,1.75,2026-04-15 23:35:01.602488
KWT,Kuwait,SL.UEM.TOTL.ZS,"Unemployment, total (% of total labor force) (modeled ILO estimate)",2007,1.5,2026-04-15 23:35:01.602488
KWT,Kuwait,SL.UEM.TOTL.ZS,"Unemployment, total (% of total labor force) (modeled ILO estimate)",2006,1.3,2026-04-15 23:35:01.602488
KWT,Kuwait,SL.UEM.TOTL.ZS,"Unemployment, total (% of total labor force) (modeled ILO estimate)",2005,1.455,2026-04-15 23:35:01.602488
KWT,Kuwait,SL.UEM.TOTL.ZS,"Unemployment, total (% of total labor force) (modeled ILO estimate)",2004,1.7,2026-04-15 23:35:01.602488
KWT,Kuwait,SL.UEM.TOTL.ZS,"Unemployment, total (% of total labor force) (modeled ILO estimate)",2003,1.3,2026-04-15 23:35:01.602488
KWT,Kuwait,SL.UEM.TOTL.ZS,"Unemployment, total (% of total labor force) (modeled ILO estimate)",2002,1.1,2026-04-15 23:35:01.602488
KWT,Kuwait,SL.UEM.TOTL.ZS,"Unemployment, total (% of total labor force) (modeled ILO estimate)",2001,0.8,2026-04-15 23:35:01.602488
KWT,Kuwait,SL.UEM.TOTL.ZS,"Unemployment, total (% of total labor force) (modeled ILO estimate)",2000,0.8,2026-04-15 23:35:01.602488
KWT,Kuwait,SL.UEM.TOTL.ZS,"Unemployment, total (% of total labor force) (modeled ILO estimate)",1999,0.7,2026-04-15 23:35:01.602488
KWT,Kuwait,SL.UEM.TOTL.ZS,"Unemployment, total (% of total labor force) (modeled ILO estimate)",1998,0.7,2026-04-15 23:35:01.602488
KWT,Kuwait,SL.UEM.TOTL.ZS,"Unemployment, total (% of total labor force) (modeled ILO estimate)",1997,0.7,2026-04-15 23:35:01.602488
KWT,Kuwait,SL.UEM.TOTL.ZS,"Unemployment, total (% of total labor force) (modeled ILO estimate)",1996,0.7,2026-04-15 23:35:01.602488
KWT,Kuwait,SL.UEM.TOTL.ZS,"Unemployment, total (% of total labor force) (modeled ILO estimate)",1995,0.694,2026-04-15 23:35:01.602488
KWT,Kuwait,SL.UEM.TOTL.ZS,"Unemployment, total (% of total labor force) (modeled ILO estimate)",1994,0.7,2026-04-15 23:35:01.602488
KWT,Kuwait,SL.UEM.TOTL.ZS,"Unemployment, total (% of total labor force) (modeled ILO estimate)",1993,0.8,2026-04-15 23:35:01.602488
KWT,Kuwait,SL.UEM.TOTL.ZS,"Unemployment, total (% of total labor force) (modeled ILO estimate)",1992,0.878,2026-04-15 23:35:01.602488
KWT,Kuwait,SL.UEM.TOTL.ZS,"Unemployment, total (% of total labor force) (modeled ILO estimate)",1991,0.884,2026-04-15 23:35:01.602488
KWT,Kuwait,FP.CPI.TOTL.ZG,"Inflation, consumer prices (annual %)",2024,2.89855072463762,2026-04-15 23:35:02.872847
KWT,Kuwait,FP.CPI.TOTL.ZG,"Inflation, consumer prices (annual %)",2023,3.64216403030709,2026-04-15 23:35:02.872847
KWT,Kuwait,FP.CPI.TOTL.ZG,"Inflation, consumer prices (annual %)",2022,3.98064961990313,2026-04-15 23:35:02.872847
KWT,Kuwait,FP.CPI.TOTL.ZG,"Inflation, consumer prices (annual %)",2021,3.42362947609188,2026-04-15 23:35:02.872847
KWT,Kuwait,FP.CPI.TOTL.ZG,"Inflation, consumer prices (annual %)",2020,2.101729548274,2026-04-15 23:35:02.872847
KWT,Kuwait,FP.CPI.TOTL.ZG,"Inflation, consumer prices (annual %)",2019,1.09184802655856,2026-04-15 23:35:02.872847
KWT,Kuwait,FP.CPI.TOTL.ZG,"Inflation, consumer prices (annual %)",2018,0.543133148199567,2026-04-15 23:35:02.872847
KWT,Kuwait,FP.CPI.TOTL.ZG,"Inflation, consumer prices (annual %)",2017,2.17183298510006,2026-04-15 23:35:02.872847
KWT,Kuwait,FP.CPI.TOTL.ZG,"Inflation, consumer prices (annual %)",2016,3.19839776658374,2026-04-15 23:35:02.872847
KWT,Kuwait,FP.CPI.TOTL.ZG,"Inflation, consumer prices (annual %)",2015,3.27170166092133,2026-04-15 23:35:02.872847
KWT,Kuwait,FP.CPI.TOTL.ZG,"Inflation, consumer prices (annual %)",2014,2.90892672858625,2026-04-15 23:35:02.872847
KWT,Kuwait,FP.CPI.TOTL.ZG,"Inflation, consumer prices (annual %)",2013,2.68229684085039,2026-04-15 23:35:02.872847
KWT,Kuwait,FP.CPI.TOTL.ZG,"Inflation, consumer prices (annual %)",2012,3.25514600287211,2026-04-15 23:35:02.872847
KWT,Kuwait,FP.CPI.TOTL.ZG,"Inflation, consumer prices (annual %)",2011,4.8394034987095,2026-04-15 23:35:02.872847
KWT,Kuwait,FP.CPI.TOTL.ZG,"Inflation, consumer prices (annual %)",2010,4.49640287769787,2026-04-15 23:35:02.872847
KWT,Kuwait,FP.CPI.TOTL.ZG,"Inflation, consumer prices (annual %)",2009,4.60959548447787,2026-04-15 23:35:02.872847
KWT,Kuwait,FP.CPI.TOTL.ZG,"Inflation, consumer prices (annual %)",2008,10.5827097865144,2026-04-15 23:35:02.872847
KWT,Kuwait,FP.CPI.TOTL.ZG,"Inflation, consumer prices (annual %)",2007,5.48494983277596,2026-04-15 23:35:02.872847
KWT,Kuwait,FP.CPI.TOTL.ZG,"Inflation, consumer prices (annual %)",2006,3.05701339166722,2026-04-15 23:35:02.872847
KWT,Kuwait,FP.CPI.TOTL.ZG,"Inflation, consumer prices (annual %)",2005,4.14297583631023,2026-04-15 23:35:02.872847
KWT,Kuwait,FP.CPI.TOTL.ZG,"Inflation, consumer prices (annual %)",2004,1.24856443679889,2026-04-15 23:35:02.872847
KWT,Kuwait,FP.CPI.TOTL.ZG,"Inflation, consumer prices (annual %)",2003,0.961350293542112,2026-04-15 23:35:02.872847
KWT,Kuwait,FP.CPI.TOTL.ZG,"Inflation, consumer prices (annual %)",2002,0.888450148074907,2026-04-15 23:35:02.872847
KWT,Kuwait,FP.CPI.TOTL.ZG,"Inflation, consumer prices (annual %)",2001,1.29999999999999,2026-04-15 23:35:02.872847
KWT,Kuwait,FP.CPI.TOTL.ZG,"Inflation, consumer prices (annual %)",2000,1.81294613887089,2026-04-15 23:35:02.872847
KWT,Kuwait,FP.CPI.TOTL.ZG,"Inflation, consumer prices (annual %)",1999,2.99081035923166,2026-04-15 23:35:02.872847
KWT,Kuwait,FP.CPI.TOTL.ZG,"Inflation, consumer prices (annual %)",1998,0.129658287674027,2026-04-15 23:35:02.872847
KWT,Kuwait,FP.CPI.TOTL.ZG,"Inflation, consumer prices (annual %)",1997,0.682191434707604,2026-04-15 23:35:02.872847
KWT,Kuwait,FP.CPI.TOTL.ZG,"Inflation, consumer prices (annual %)",1996,3.55398569684287,2026-04-15 23:35:02.872847
KWT,Kuwait,FP.CPI.TOTL.ZG,"Inflation, consumer prices (annual %)",1995,2.68672756582484,2026-04-15 23:35:02.873849
KWT,Kuwait,FP.CPI.TOTL.ZG,"Inflation, consumer prices (annual %)",1994,2.53443526170792,2026-04-15 23:35:02.873849
KWT,Kuwait,FP.CPI.TOTL.ZG,"Inflation, consumer prices (annual %)",1993,0.382541365165916,2026-04-15 23:35:02.873849
KWT,Kuwait,FP.CPI.TOTL.ZG,"Inflation, consumer prices (annual %)",1992,-0.54547121378821,2026-04-15 23:35:02.873849
KWT,Kuwait,FP.CPI.TOTL.ZG,"Inflation, consumer prices (annual %)",1991,9.05818836232758,2026-04-15 23:35:02.873849
KWT,Kuwait,FP.CPI.TOTL.ZG,"Inflation, consumer prices (annual %)",1990,9.83363531543402,2026-04-15 23:35:02.873849
KWT,Kuwait,FP.CPI.TOTL.ZG,"Inflation, consumer prices (annual %)",1989,3.34203359055792,2026-04-15 23:35:02.873849
KWT,Kuwait,FP.CPI.TOTL.ZG,"Inflation, consumer prices (annual %)",1988,1.46813288041913,2026-04-15 23:35:02.873849
KWT,Kuwait,FP.CPI.TOTL.ZG,"Inflation, consumer prices (annual %)",1987,0.654844691701656,2026-04-15 23:35:02.873849
KWT,Kuwait,FP.CPI.TOTL.ZG,"Inflation, consumer prices (annual %)",1986,0.953606740192038,2026-04-15 23:35:02.873849
KWT,Kuwait,FP.CPI.TOTL.ZG,"Inflation, consumer prices (annual %)",1985,1.49032181427877,2026-04-15 23:35:02.873849
KWT,Kuwait,FP.CPI.TOTL.ZG,"Inflation, consumer prices (annual %)",1984,1.17746005046669,2026-04-15 23:35:02.873849
KWT,Kuwait,FP.CPI.TOTL.ZG,"Inflation, consumer prices (annual %)",1983,4.71816809275156,2026-04-15 23:35:02.873849
KWT,Kuwait,FP.CPI.TOTL.ZG,"Inflation, consumer prices (annual %)",1982,7.77679842690853,2026-04-15 23:35:02.873849
KWT,Kuwait,FP.CPI.TOTL.ZG,"Inflation, consumer prices (annual %)",1981,7.37478159583807,2026-04-15 23:35:02.873849
KWT,Kuwait,FP.CPI.TOTL.ZG,"Inflation, consumer prices (annual %)",1980,6.92822668563188,2026-04-15 23:35:02.873849
KWT,Kuwait,FP.CPI.TOTL.ZG,"Inflation, consumer prices (annual %)",1979,7.04999999925009,2026-04-15 23:35:02.873849
KWT,Kuwait,FP.CPI.TOTL.ZG,"Inflation, consumer prices (annual %)",1978,8.6897451227484,2026-04-15 23:35:02.873849
KWT,Kuwait,FP.CPI.TOTL.ZG,"Inflation, consumer prices (annual %)",1977,9.88951925933102,2026-04-15 23:35:02.873849
KWT,Kuwait,FP.CPI.TOTL.ZG,"Inflation, consumer prices (annual %)",1976,5.23504273532376,2026-04-15 23:35:02.873849
KWT,Kuwait,FP.CPI.TOTL.ZG,"Inflation, consumer prices (annual %)",1975,8.39237057218445,2026-04-15 23:35:02.873849
KWT,Kuwait,FP.CPI.TOTL.ZG,"Inflation, consumer prices (annual %)",1974,12.9926108375187,2026-04-15 23:35:02.873849
KWT,Kuwait,FP.CPI.TOTL.ZG,"Inflation, consumer prices (annual %)",1973,8.26666666600006,2026-04-15 23:35:02.873849
